marketplace	customer_id	review_id	product_id	product_parent	product_title	product_category	star_rating	helpful_votes	total_votes	vine	verified_purchase	review_headline	review_body	review_date
US	24509695	R3VR960AHLFKDV	B004HB5E0E	488241329	Shoal Creek Computer Desk	Furniture	4	0	0	N	Y	... desk is very study and it i has a beautiful finish, I think that it a just a ...	This desk is very study and it i has  a beautiful finish,  I think that it a just a little  pricey for the size.	2015-08-31
US	34731776	R16LGVMFKIUT0G	B0042TNMMS	205864445	Dorel Home Products Delaney Large Rectangular Ottoman	Furniture	5	0	0	N	Y	Five Stars	Great item	2015-08-31
US	1272331	R1AIMEEPYHMOE4	B0030MPBZ4	124663823	Bathroom Vanity Table Jewelry Makeup Desk Bench Drawer Hair Dressing Organizer	Furniture	5	1	1	N	Y	Five Stars	Perfect fit for my bedroom, been wanting one since I was a little girl	2015-08-31
US	45284262	R1892CCSZWZ9SR	B005G02ESA	382367578	Sleep Master Ultima Comfort Memory Foam 6 Inch Mattress	Furniture	3	0	0	N	Y	Good enough	We use this on a trundle bed.  So, it does not get that much use.  This was a much better choice than getting a low end spring mattress for the same price.  I do not think I would use this on anything other than a trundle.	2015-08-31
US	30003523	R285P679YWVKD1	B005JS8AUA	309497463	1 1/4" GashGuards: Deluxe Rubberized Plastic Bed Frame End Caps, Set of 2	Furniture	3	0	0	N	N	Gash Gards for daybed	The product is fine...just seemed like it took awhile in the mail for something small you could throw in an envelope and mail.  Not unhappy just moderately satisfied.	2015-08-31
US	18311821	RLB33HJBXHZHU	B00AVUQQGQ	574537906	Serta Bonded Leather Big & Tall Executive Chair	Furniture	5	0	0	N	Y	Five Stars	Love this product, amazing delivery, thank you	2015-08-31
US	42943632	R1VGTZ94DBAD6A	B00CFY20GQ	407473883	Prepac Shoe Storage Cubbie Bench	Furniture	5	2	2	N	Y	I love this bench	I love this bench, had one in Black for over five years, and moved it more than 5 times to different houses after a few chips and broken pieces, I decided to buy the White one as it matches our current home decor better, plus it is much easier to locate shoes especially black ones! the black cubbie bench was too dark, and most of our shoes blended in and hard to see. This is perfect. Easy to put together. I painted the back white as well, as it was going in an area with the all sides shown.	2015-08-31
US	43157304	R168KF82ICSOHD	B00FKC48QA	435120460	HomCom PU Leather Storage Bench Ottoman w/ 4 Trays - Brown	Furniture	5	0	0	N	Y	Great storage capacity	Have had this for over a year.  Very well made and durable!  Great storage capacity.	2015-08-31
US	51918480	R20DIYIJ0OCMOG	B00N9IAL9K	356495985	Folding Step Stool	Furniture	5	0	0	N	Y	This is the best step stool I have ever used	This is the best step stool I have ever used.  So compact when collapsed so is very easy to store.. no hidden latches.  Have already recommended to friends.	2015-08-31
US	14522766	RD46RNVOHNZSC	B001T4XU1C	243050228	Ace Bayou Adult Video Rocker	Furniture	5	0	0	N	Y	great for price!	my son loves it!	2015-08-31
US	43054112	R2JDOCETTM3AXS	B002HRFLBC	93574483	4D Concepts Audio Entertainment Stand, Cherry	Furniture	5	0	0	N	Y	Five Stars	Great product	2015-08-31
US	26622950	R33YMW36IDZ6LE	B006MISZOC	941823468	Zinus SC-SBBK-14NT-FR Smartbase Bed Frame Metal, Narrow Twin	Furniture	5	0	0	N	Y	perfect	bought with sleep contour 8&#34; foam. arrived ontime and my kid had no trouble assembling it. shipped it to his off campus apt.. he says its most comfortable bed hes ever owned!	2015-08-31
US	17988940	R30ZGGUHZ04C1S	B008BMGABC	460567746	Poundex Marble Dining Table, 4 Counter Height Chairs	Furniture	5	1	1	N	Y	Very satisfied!!!	Delivery was on time. I was very satisfied with the product. The table is very sturdy and it exceeds my expectations!	2015-08-31
US	18444952	RS2EZU76IK2BT	B00CO2VH5Y	829613894	Safavieh Lyndhurst Collection LNH312B Traditional Oriental Light Blue and Ivory Area Rug (5'3" x 7'6")	Furniture	5	0	0	N	Y	soft and great for in front of a sofa	Exactly as pictured. Plush, soft and great for in front of a sofa.	2015-08-31
US	16937084	R1GJC1BP028XO9	B00LI4RJQ0	816478187	Sauder Boone Mountain Coffee Table	Furniture	5	2	3	N	Y	Great table.	Beautiful table.  It's good quality and heavy.  Put it together by myself, it took about 3 hours, but the instructions were the best and clearest of any item I've had to build.  I was worried because it looked like there was a crack in the top of the table itself until I looked closer - that's how good the laminate is, it REALLY looks real.  Love it and would purchase again.	2015-08-31
US	23665632	R2VKJPGXXEK5GP	B0046EC1D0	358594389	Winsome Wood Breakfast Bed Tray with Handle Foldable Legs	Furniture	1	0	0	N	Y	Not what I expected in a bed tray or lap tray	I have cleaned up the last mess from using this tray, the legs collapsed again. It was also much larger and bulkier than I wanted.<br />But if your looking for a big tray without a lot of support this is the one.	2015-08-31
US	4110125	R17KS83G3KLT97	B00DQQPL36	312571325	HODEDAH IMPORT Metal Bed	Furniture	3	0	0	N	Y	Three Stars	First one came in damaged. Ok bed for the price.	2015-08-31
US	107621	R3PQL8SR4NEHWL	B003X7RWB2	402665054	Flash Furniture Hercules Series 800-Pound Premium Plastic Folding Chair	Furniture	4	0	0	N	Y	Four Stars	Good deal to get a nice chair for study in a low price	2015-08-31
US	2415090	R2F5WW7WNO5RRG	B001TJYPJ8	854989315	Sleep Revolution Better Than a Box Spring - Queen	Furniture	5	0	0	N	Y	Five Stars	Comfortable and easy to fix...	2015-08-31
US	48285966	R3UDJKVWQCFIC9	B000TMHX9A	814079288	Flash Furniture Vibrant Apple Green Tractor Seat and Chrome Stool	Furniture	5	0	0	N	Y	Very comfortable. Great color	As advertised. Very comfortable. Great color. Prompt delivery.	2015-08-31
US	33228559	R1MLGVJH3J5W6N	B005MZBB2O	523675277	Amelia Floral Muti Contemporary Rug	Furniture	5	0	0	N	Y	Wonderful rug	Very nice rug for a reasonable price. Exceeded my expectations.	2015-08-31
US	11600823	R38JYICG7ESAZP	B00JITHL9C	403803724	Classic Brands Low Profile Foundation Box Spring, 4-Inch	Furniture	5	3	3	N	Y	Good USA made product.	Product was as described. Delivered on time. Overall a sturdy box spring. Not at all difficult to put together. We bought Mom a tall foam mattress from Costco. With this low profile box spring my Mother has no problems get in and out of bed now. Also good quality materials for the price, which wasn't bad either. I recommend and will purchase again if needed.	2015-08-31
US	20252477	R3SMFDAWU2V153	B003HEPHUE	735341854	Etna Sofa Side Table (Black)	Furniture	3	0	0	N	Y	Three Stars	Functional but too lightweight - I ordered 2 and attached them together	2015-08-31
US	12546512	R2OM7LJ7CY084O	B007EEG7M0	336731383	Range Kleen SS2 Double Step Stool, Gray	Furniture	5	0	1	N	Y	Five Stars	I love these stools. Perfect for a toddler. I had to order another one	2015-08-31
US	5395378	R1ZG4UWGK123C3	B004LQ1RJ2	999119538	Signature Sleep Contour 8 Inch Independently Encased Coil Mattress with Low VOC CertiPUR-US Certified Foam	Furniture	5	0	0	N	Y	Five Stars	so comfortable!	2015-08-31
US	34857314	R1ZOEOSEMAITN6	B000RPVKPC	269111919	Coaster Home Furnishings  5 Piece Modern Transitional Square Counter Height Dining Set - Cappuccino	Furniture	5	0	0	N	Y	Five Stars	Love it!! Easy assembly and nice quality.  Great table for the price.	2015-08-31
US	26511421	R38HR07J1KN5TE	B009QDA1LA	119886213	Universal Bed Slats Center Support System Adjustable Tubular Steel with 4 Legs	Furniture	5	0	0	N	Y	Very sturdy	These rescued  my son's bed from the floor. Was easy to install and has legs for support, wooden slats did not. Very happy! Thank you	2015-08-31
US	16003911	R2H0KEDDT8GYB	B0063GICPU	222554214	Air Dream Replacement Air Chamber Full	Furniture	5	0	0	N	Y	Five Stars	Replacement for the one in RV that had a blow out. Husband loves this air mattress.	2015-08-31
US	53046326	R1ACBDB2E2K2VQ	B00H8I4C0Q	307258068	DHP 3246198 Bombay Metal Bed, Full, White	Furniture	2	1	1	N	Y	Not for every day use. Support leg underneath bent ...	Not for every day use. Support leg underneath bent in just a few weeks with a normal sized teenager. Maybe okay for a small child.	2015-08-31
US	28540301	R2JXCWADAWWAUJ	B00R6OX5MS	63984799	Sleep Master BiFold Box Spring Folding Mattress Foundation	Furniture	1	1	4	N	Y	One Star	Saggy mattress	2015-08-31
US	52982007	R3F3L13BN326E1	B00M0O4GAO	183101067	Flex Form Lucia Platform Bed, Full	Furniture	5	1	1	N	Y	Very happy with this frame	This is a nice frame.  Fairly easy to set up and it looks very nice.	2015-08-31
US	12385500	RNBU6YSRIYWFN	B005A4OP8Y	999119538	Signature Sleep Contour 8 Inch Independently Encased Coil Mattress with Low VOC CertiPUR-US Certified Foam	Furniture	5	0	0	N	Y	Finding this item on Amazon with Free Shipping was perfect! Easy to get upstair and unwrapped - The ...	Since I do not own a truck I contemplated how to get a queen size mattress home which my daughter needed for her new bed frame. Finding this item on Amazon with Free Shipping was perfect! Easy to get upstair and unwrapped - The mattress comfort is excellent and the price could not be beat anywhere in my town - Best Purchase Ever!	2015-08-31
US	15775828	RNFD1XU24UJSE	B00SA6DT36	111245804	Red Color Modern Circles Design Area Rug	Furniture	3	0	0	N	Y	not as cushion-y as I would have liked but it's okay	It's the right size but the padding is really thin, not as cushion-y as I would have liked but it's okay.	2015-08-31
US	6851307	R3KMK2518BXF1A	B00166DUSG	226363481	Walker Edison Soreno 3-Piece Corner Desk	Furniture	5	0	0	N	Y	Great buy!!	Absolute steal!! This desk is very cheap and is so awesome! I love it already! It is a great use of space!	2015-08-31
US	15227445	R1S6KLPH4K9TV8	B000M5QW96	160443433	Jewel Tone Red Southwestern Rug	Furniture	1	2	2	N	Y	but the center image was well off-center and looked pretty awful.	Not only did the design not match the photo, but the center image was well off-center and looked pretty awful.	2015-08-31
US	27465660	R3E9HAPICMCC96	B001G0NNX4	67553280	South Shore Furniture, Little Treasures Collection, Night Table, Country Pine	Furniture	4	1	1	N	Y	... forever to put together for small table but I love the look of it	This took forever to put together for small table but I love the look of it. One of the holes wasn't pre-drilled so that was a little of a challenge but I made it work. We bought the set (headboard, night stand, dresser) for my sons room and am very happy with the purchase.	2015-08-31
US	7502102	R1OKOOJ8161SDN	B004XYNDO4	933322315	Winsome Wood Assembled 30-Inch Swivel Stools, Set of 2	Furniture	2	0	0	N	Y	Two Stars	Very uncomfortable, hurt my butt and edge cuts into your hamstring after sitting on them for a few minutes.	2015-08-31
US	42392807	RX462TJGGWPFC	B004773CLQ	782788746	SEI Navarra Wall Mount Wine Rack	Furniture	1	0	1	N	Y	One Star	Very low quality. Ordered two and both had dings and dents. Pore packaging and thin metal. Returned both.	2015-08-31
US	10949798	R2DMFLPCQ217O4	B00FA7RO16	236744938	Liora Manne Water Whimsy Sea Maid Rug	Furniture	5	1	1	N	Y	Five Stars	Gift for granddaughter ~ she has it at entrance to her bedroom....loves it!	2015-08-31
US	15976009	R2AA2VTIZHDSR4	B005A4OP8Y	999119538	Signature Sleep Contour 8 Inch Independently Encased Coil Mattress with Low VOC CertiPUR-US Certified Foam	Furniture	5	0	0	N	Y	Comfortable and affordable	Great affordable firm, but comfortable mattress	2015-08-31
US	325884	R2HRECN4UIO8OV	B005HSGQT4	898748170	Coaster Furniture Cappuccino and Glass Accent Table	Furniture	5	0	0	N	Y	Five Stars	Great table!! Liked it so much I bought a second one!!	2015-08-31
US	20833625	R2V5FJQ2ELK9VW	B004LQ1RGA	640532885	DHP 6 inch Coil Futon Mattress with CertiPUR-US certified foam, Merlot	Furniture	5	0	0	N	Y	Best futon mattress I have ever used	Best futon mattress I have ever used. No feeling the bars or slats through this. I did buy a cover for it as it seemed like it would pick up lint/dust very easily and my cats like to scratch.	2015-08-31
US	107621	RZ7WGMI4A9J0T	B00DOZTKH2	94433287	Cosco ABS Top Folding Table, 34-Inch	Furniture	3	0	0	N	Y	i purchased this table for studying. But it turns ...	i purchased this table for studying. But it turns out to be shaky.<br />But it is still ok to read, write and code on this table. Not bad	2015-08-31
US	48887603	R2MFXUKG149TNB	B00KZZPP1O	526166312	TransDeco TD655B Multi-Function TV Stand with Universal Mount and Caster for 40-80-Inch LCD/LED TV	Furniture	5	0	0	N	Y	Great stand! Material is very nice	Great stand!<br />Material is very nice, no complaints!	2015-08-31
US	31158958	R2RNOMSQ6ST1FK	B0015VBSL8	72125943	Leggett & Platt Fashion Bed Group Murray Platform Bed	Furniture	2	0	0	N	Y	Love the look	Love the look, disappointed that the holes were not drilled out & none of the hardware worked.  Not what I expected !	2015-08-31
US	44745940	R3U5GALFDYXNHB	B00WTSJ9KS	125800997	New City Contemporary Black Brown and Beige Modern Wavy Circles Wool Area Rug 1030	Furniture	5	0	0	N	Y	Exactly like the picture	Fast shipping. Exactly like the picture. looks great in our living room!	2015-08-31
US	12676720	R16EN0Q024AUH2	B00BSP45LG	272149009	PU Leather Office Chair	Furniture	5	0	0	N	Y	Serious Use for This Chair	Bought this chair for our security gate house. The main concern was comfort. As this chair is used 24/7 comfort was a must and it hasn't disappointed in that aspect. It was also very easy to put together. Took me 40 minutes to put completely together with no hassle. Only issue I have is that both arms keep getting loose and need to be retighten every other day. Other than that, chair is great!	2015-08-31
US	22080876	R1FUAOSCFI43K	B002YD8E5O	209758807	Convenience Concepts Sheridan Faux Leather Storage Bench with 2 Side Ottomans	Furniture	5	0	0	N	Y	Works great in my living room especially with a 7 month ...	Exactly what I thought and wanted. Works great in my living room especially with a 7 month old around.	2015-08-31
US	1891334	R1HXED2OXNIWPF	B000CPI74O	141798347	South Shore Furniture, Basic Collection, Queen Platform Bed with Moulding 60", Natural Maple	Furniture	5	0	0	N	Y	nice product!	Speechless, nice product!	2015-08-31
US	4527413	R4ADADC1394DP	B00NF6FBZK	934395410	Strap-on Soft Chair Armrest Pads for Instant Elbow Comfort (2 Piece Set)	Furniture	1	0	1	N	Y	One Star	It still give my elbow discomfort.	2015-08-31
US	10441037	R2T27AWSEB5QH8	B012OYPPFE	219872121	Natural HomeLogic Laundry Detergent - 50 fl oz	Furniture	4	0	0	N	N	My laundry just smelled like clean clothes	This is very concentrated and smells okay, but the scent does not last after drying. My laundry just smelled like clean clothes, which is fine, but kind of defeats the purpose of jasmine-scented laundry detergent. It cleans fine, doesn't cause any allergic reactions, and the packaging is fine. However, it had leaked a bit during shipping despite being in a plastic bag.	2015-08-31
US	27716580	R1Z1J841LCCQ71	B00IFBG84I	144863251	Gel Platinum by Abripedic 12" Memory Foam Mattress	Furniture	5	0	0	N	N	and it is wonderful! With any new mattress I have bought	Just bought this mattress, and it is wonderful! With any new mattress I have bought, it takes a few days to get used to it. Not with this mattress! Did not have to get used to it at all. Slept the whole nite thru. This is not the less expensive and not the most expensive...right in between. You won't go wrong with this mattress.	2015-08-31
US	182633	R30ITTOON06M7G	B003KY2KNI	768003809	Home Styles Kitchen Island	Furniture	4	2	2	N	Y	Not solid wood	This is a beautiful island but it is not solid wood. The back consists of 2 pieces of board that I think are plastic they are only about 1/4 inch thick. I think the shelves are particle board.  It arrives in 3 boxes. One box consists of the top with the drawers already attached. You will need to attach the leaf.  It has very clear instructions. We did have a problem with both of the doors not wanting to close so we took the hinges off and turned them over and reattached them. One door the hinge had to be upside down with the pin going up instead of down. The other problem we had was the leaf it was not level with the island so we had to drop the wood hinge down so it would be level.	2015-08-31
US	18035003	R1KQT8686D55YO	B0051HDMES	8084666	Safavieh Miami Shag Collection SG351-1391 Shag Area Rug	Furniture	5	3	3	N	Y	Unique pretty rug	This rug is kind of  unique and that is what I was looking for ; combines couple of different rug materials, shag and berber, to present such a contemporary, interesting look. Very soft ! Seems well made. Colors are true to the picture, and go very nicely with our chocolate brown sectional in a neutral color room.  Highly recommend.	2015-08-31
US	2522431	R3UYQPNKADBZC2	B00OIQHXI4	370206583	Modway Tinble Queen Upholstered Linen Headboard in Gray	Furniture	5	4	4	N	N	I love it - i was hesitant about ordering this online ...	I love it - i was hesitant about ordering this online but the material and quality of the fabric is perfect and the gray-blue is just what i was looking for...	2015-08-31
US	1832140	R1R1DHQW21Q2IH	B00GYK76QQ	391485890	Faux Marble Lift Top Coffee Table, Espresso	Furniture	4	1	1	N	Y	I like it	Cute table. Easy assembly. Picture true. Matched perfectly.	2015-08-31
US	12807597	R296JGFQ7KX8N5	B004HITCXC	36097104	Bed Claw #10 Hook Plates for Wooden Beds, Set of 4	Furniture	5	0	0	N	Y	Easy to use for replacements.	These went in perfectly find and event fit an older bed frame.	2015-08-31
US	17486744	R386HH4FEI4N80	B0040IA8AK	492646266	Coaster Furniture Glass Top 3 Piece Matrix Coffee Table Set - Black	Furniture	5	0	0	N	Y	Five Stars	Very difficult to assemble....	2015-08-31
US	48735596	R2YJ4I05J9SF9S	B006MISZOC	941823468	Zinus SC-SBBK-14NT-FR Smartbase Bed Frame Metal, Narrow Twin	Furniture	5	0	0	N	Y	Thumbs up!	Works great and super easy to put together. Very happy.	2015-08-31
US	2742047	R301PY8K04O2LF	B001ANEUP2	793326294	Hillsdale Carolina Headboard, Twin, White	Furniture	4	0	0	N	Y	Four Stars	I like it.	2015-08-31
US	1147207	R27YWTUD12RH3Z	B0094G36TI	713373926	Winsome Obsidian Pub Table Round Black Mdf Top with Black Leg And Base - 23.7-Inch Top, 39.76-Inch Height	Furniture	5	0	0	N	Y	Five Stars	It was as advertised and perfect for our bar stools.	2015-08-31
US	10231962	R2ZMSLCBX6DWFS	B0030NS9BG	951634282	Leick Riley Holliday Corner TV Stand, 46-Inch, Burnished Oak	Furniture	5	0	0	N	Y	Looks better than expected.	Fits my TV and my room perfectly.	2015-08-31
US	47013181	R2YDBYVBPFHRJ4	B00YFECDXY	430022153	Modern Circles Area Rug	Furniture	4	0	0	N	Y	Four Stars	Beautiful	2015-08-31
US	4870976	R1ES6HCVHT0H52	B00TW0N2VI	588096592	Generations New Contemporary Panal and Diamonds Beige Navy Coral Blue Grey Modern Area Rug Rugs 8036	Furniture	4	0	0	N	Y	Good purchase for the price	Made in Turkey. Decent quality, not the best I've seen. But totally worth the price. The colour is a little darker than what's shown in the picture.	2015-08-31
US	51480990	R3IW7MQW98YTSE	B00NNKC6VK	27048962	Poundex Bobkona Atlantic Faux Leather 2-Piece Sectional Sofa with Functional Armrest and Back Support, Black	Furniture	4	0	0	N	Y	Good purchase	It's exactly as I expected. Assembly is easy if you've got a power drill. The couch is very firm and thus far it's been sturdy. Definitely worth the price	2015-08-31
US	1896062	R3OGL5Z4FY1NYI	B00EUU5JZ2	83612510	Serta RTA Copenhagen Collection Loveseat	Furniture	2	0	1	N	Y	Two Stars	Small	2015-08-31
US	13704658	R2KMFITPT33634	B000KK7Y3Q	478396916	1 X Unique 72" High LEANING LADDER STYLE MAGAZINE / BOOK SHELF on Black Finish	Furniture	4	0	0	N	Y	Four Stars	Looks great, but is not very stable	2015-08-31
US	46447787	RI415LQ120WSY	B003AO0D64	476570149	Linon Simon Club Chair	Furniture	5	15	15	N	Y	Love These !!	Very comfortable I love these & so does my family & friends when they come over, I would buy them again if anything ever happen to them just because of the feel & for the price you can't go wrong..	2015-08-31
US	15128968	R4ZSJN8LK862T	B005G5RZIY	382367578	Sleep Master Ultima Comfort Memory Foam 6 Inch Mattress	Furniture	5	0	0	N	Y	This made my crappy mattress feel like a glorious cloud	This made my crappy mattress feel like a glorious cloud!  I have it on a guest bed and all who have slept on it have remarked how amazingly comfortable it is.  Perfection!	2015-08-31
US	21909221	R1MVZE20ABNTED	B00EWIVAIC	593905405	Koyal Wholesale Acrylic Beaded Panel Diamond Cut Curtain, 3-Feet by 6-Feet, Red	Furniture	4	2	2	N	Y	Jazz up your doorways!	I loved them. Lots of sparkle. It came attached to a really nice sturdy rod. I didn't find any hooks that may or may not have come with it but no biggy, I had them handy and the only other thing is that it had room for a few more string of beads on there to make it a little bit fuller but other than that, I really loved them and it makes my closet look jazzy! :-)  .	2015-08-31
US	10856907	R98RDZ1E9LPBP	B00BUHWGT0	565928619	Safavieh Courtyard Collection CY6916-268 Navy and Beige Indoor/ Outdoor Area Rug	Furniture	4	0	0	N	Y	very happy with this purchase	Exactly what I expected and wanted. very happy with this purchase. Looks great in my living room!	2015-08-31
US	29454112	R2AGK497STCEUH	B001JJBGCW	80788419	South Shore Furniture, Sand Castle Collection, Double Dresser	Furniture	1	0	0	N	Y	Why didn't I read the reviews?	This was one of the worst purchases I've ever made.  The drawers and top are chipped, the directions are poorly represented pictures... there are no premarked holes for the areas the need nails and the screw holes for the drawers don't line up, leading to hours of frustration and misaligned construction. I'd have done better with ikea furniture and may wind up doing just that. This will be an expensive item at my curb.	2015-08-31
US	29514380	R1NWGNA24EB9S2	B0061WH9WS	80913687	Boss Traditional Oxblood Vinyl Guest Chair with Mahogany Finish	Furniture	5	0	0	N	Y	Five Stars	Shines like crazy. Vinyl.	2015-08-31
US	41681546	RL8D0KJ0J9L0O	B00BWC1X3S	328960153	Zinus 14 Inch Elite SmartBase Mattress Foundation / for Big & Tall / Extra Strong Support / Platform Bed Frame / Box Spring Replacement / Sturdy / Quiet Noise Free / Non-Slip, Twin	Furniture	5	152	165	N	Y	A solid VICTORY for an over-crowded apartment!	I've been looking for ways to increase storage space. I live in a 2 bed 1 bath apartment with my girlfriend, and our two Siberian Huskies, and another couple. Needless to say, we are all packed in there like sardines! Now, let's be honest here... 50% of the space is for the other couple, 60% of the space is for the pups, and the other 30% is my girlfriends. The numbers don't lie... we definitely have no more space at this point! I bought this for me, in hopes that I can re-claim a percentage of space for myself. Bed risers just weren't going to do the trick, and wooden framed with built-in drawers are much out of my price range. For me, this was a solid meet-me-in-the-middle solution.<br /><br />FIRST IMPRESSIONS:<br />The actual storage space of each of the two &#34;cavities&#34; from floor to the under-bars measures at about 12-1/2&#34;tall x 30&#34;wide x 60&#34;deep. I've very pleased to say that I was able to fit EIGHT (count em'), EIGHT large 12&#34; storage tubs under the bed! The tubs were about 8 bucks each at our local &#34;w-mart&#34;. We have gotten rid of the box spring completely, without any issues so far, and we feel no difference in comfort without it. Our mattress is an old 8&#34; coil spring with a separate 3&#34; memory foam mattress topper on the mattress. I could see how some may say a solid 8&#34; memory foam mattress might sag through the spaces. Some have put down cardboard for that, but I didn't find it necessary with our mattress. So far, we've been sleeping on this bed for a few weeks and it seems very solid, give or take a husky and some horseplay. It's very quiet, and I have not hears and creeks or squeaks from the frame as of yet.<br /><br />My worries were put aside when we finally received it in the mail. I was reading others reviews and was initially concerned about the frame arriving damaged during shipping as others have stated. Although, the box did arrive with a few minor bumps and bruises, there was zero damage and no rust to actual frame. I LOVE that this frame folds up, that's a really nice convenience. It took me all of 20 minutes to un-box and setup this frame where the old one used to be. There was very little assembly that I actually had to do. I was surprised that I did not need any tools what-so-ever. The only thing that confused me for a moment was the brackets that lock the outer legs in place. Those needed to be rotated PRIOR to fully folding out the legs, and then they lined up just fine. The cross-bars are not flush with the other length-wise support bars, and that is a bit of a pet peeve for me, but not that big of a deal. I'm definitely satisfied, and I would recommend this product.ctual frame. I LOVE that this frame folds up, that's a really nice convenience. It took me all of 20 minutes to un-box and setup this frame where the old one used to be. There was very little assembly that I actually had to do. I was surprised that I did not need any tools what-so-ever. The only thing that confused me for a moment was the brackets that lock the outer legs in place. Those needed to be rotated PRIOR to fully folding out the legs, and then they lined up just fine. The cross-bars are not flush with the other length-wise support bars, and that is a bit of a pet peeve for me, but not that big of a deal. I'm definitely satisfied, and I would recommend this product.	2015-08-31
US	914346	R2PYD33B1SZS6	B00P9YL934	405999575	7-Leg Super Duty Adjustable Metal Bed Frame (Queen/Full/full XL/Twin/Twin XL) with Center Support Bar and Rug Rollers&Locking Wheels	Furniture	5	1	1	N	Y	Five Stars	Pretty good	2015-08-31
US	47300304	RDVP4SRFHN36R	B00S4U0O7W	740762143	25mm Dia Plastic Round Blanking End Caps Ribbed Tubing Inserts 24 Pcs	Furniture	1	0	0	N	Y	Sent back immediately	Caps were old and  crumbly	2015-08-31
US	35798758	R8T6LH9M8QZLY	B002HWRFKM	489468425	Sanford Metal Headboard with Castings and Round Finial Posts	Furniture	5	0	0	N	Y	great purchase	Easily assembled, looks good, great price.  a little taller than i anticipated.	2015-08-31
US	14582534	R17REO9DFEGH5B	B010RNZGXA	710873877	2xhome - Brown - Deluxe Professional PU Leather Tall and Big Ergonomic Office High Back Chair Boss Work Task Computer Executive Comfort Comfortable Padded Loop Arms Nylon Base Swivel Adjustable Seat Furniture for Conference Room Reception	Furniture	2	0	0	N	Y	Tall & Skinny	This chair is a typical manager's chair. There was nothing showing the weight limits, but width wise, it definitely isn't for a big person. I definitely overpaid for what is actually just a basic office chair. It was also slightly difficult to put together. The screw holes weren't drilled correctly and I had a hard time getting the screws to catch. The two stars are for the looks. I would give another 1/2 star for comfort if I could.  If you're big, I wouldn't recommend. If you're not big, you can find the same quality cheaper. I have it up now and am not taking it apart to return. I wouldn't buy again.	2015-08-31
US	19938379	R1EJKGFC0T7NK	B00O1DGHTU	852850543	Modway Emily Twin Upholstered Vinyl Headboard in White	Furniture	5	1	2	N	Y	Nice headboard	We love the headboard. The fabric and tufted button work looks great! It is high quality and looks very modern and elegant. We have an ikea storage bed in one of the rooms and we simply put the headboard against the wall in between the wall and the bed and there was no need to screw the headboard. It appears nice and stable. Looks great!	2015-08-31
US	26241878	R2VV04WLRB5CKJ	B00W1U33RE	555002371	12" Artificial Yellow Forsythia Flower Spring Silk Floral Arrangement in Glass Vase	Furniture	4	0	0	N	Y	Four Stars	Very cute floral arrangements.	2015-08-31
US	53007975	RO190SUBXN2ZR	B00UUPPJY2	905042526	PINMEI Clear Acrylic Remote Control Holder Wall Mount	Furniture	2	3	3	N	Y	Good Bedside Remote Control Holder	Convenient remote control holder that can be attached to the side of a dresser or bed stand.  Comes with both wood screws and Velcro for attachment.  However, the screws broke off at the head when screwing into wood, before the screwhead was even close to the wood!  This damaged the dresser by leaving unusable holes, as the base of the screws could not be removed from the wood!  I've never had screw heads snap off before, and on closer inspection, the included screws appeared to be hollow!!!	2015-08-31
US	25592339	R3S5KCAYPBDJNU	B000GLNO4C	191914629	Winsome Wood Valet Stand, Walnut	Furniture	4	0	0	N	Y	Two left feet	This would have been great if the kit had all of the correct pieces. I could not finish assembly because it had two left side panels instead of one left and one right. Now I have to wait to finish assembling it and hope the replacement parts are the right color. On the positive side, it did arrive about 4 days earlier than anticipated.	2015-08-31
US	42957631	R3QYGABSBYI88G	B00AFRZP9O	232678446	Corner L Shaped Office Desk with Hutch	Furniture	5	0	0	N	Y	Five Stars	It is perfect and arrived undamaged,Thank you	2015-08-31
US	50635009	R1RZ0LBO6H29U3	B00J0HD4AM	181839424	Brentwood 9" Gel Infused HD Memory Foam Mattress - 100% Made in USA - CertiPur Foam - 25-Year Warranty, Triple Layer, All-Natural Wool Sleep Surface and Bamboo Cover	Furniture	5	0	0	N	Y	Comfortable memory foam to replace RV mattress	Fast Shipping. Comfortable memory foam to replace RV mattress.	2015-08-31
US	22731749	R3EIJZWMEMZ40O	B00SOIDRDC	438981843	Homecharm-Int 23.8x11.8x 72.2-Inch Storage Cabinet,White(HC-004)	Furniture	4	0	0	N	Y	Nice pantry very sturdy used for canned goods	Nice pantry very sturdy used for canned goods, small appliances etc. my son and I put it together in a little over an hour	2015-08-31
US	52619504	R1LCBZ3GMF0480	B008GV1KJU	37805169	Sauder Carson Forge Desk - Washington Cherry	Furniture	5	1	2	N	N	I swear by Sauder -- this is my 30th piece (no kidding)	I love Sauder pieces. This desk was my 30th piece, and I just ordered my 31st. I call Sauder the Cadillac of Walmart. Their attention to detail is astonishing. It is par for the course to have a few pieces arrive damaged in shipping, and yes Sauder, obviously damaged in the factory BEFORE packaging. But Sauder makes it right (usually, see below). Just hop on their website and order the replacement pieces you need, free of charge. Set aside the project for a week. My parts' orders arrive within a week.<br /><br />This particular desk is intricately designed and looks fabulous. It took more time than usual. It is a solid, well-designed desk which has a lot of pieces. It astounds me to see people criticize Sauder for furniture that does not come out well -- it is THEMSELVES who are the poor assemblers! I have assembled three or four other companies' furniture, and all fared poorly, and we were careful and conscientious.<br /><br />The Carson Forge collection is a family's dream furniture. When I get a knick in it, I take a black magic marker to it, then fast smudge the black using Kleenex. That is all you do to make an imperfection disappear, presto chango. Plus, before assembly, take Carson Forge pieces and with a magic marker, blacken all the edges, smudging with Kleenex.<br /><br />Sauder is now middle-class furniture. It is what people can afford. Sauder, for the most part, cares about its customers. Only one time did I have a bad experience -- for an armoire, more than six pieces came damaged. Sauder balks when the number of pieces to send out free is over their quota. A customer service rep \\"Tanya\\" contacted me saying that she felt, in couched terminology, that I was lying about how many pieces arrived to me damaged (number of replacement pieces), and that I had to send them photos. I told her no (and in no uncertain terms, that she could shove it). She did not like that and threw it back in my face, refusing to send replacements, more than willing to let a several hundred dollar unassembled armoire ([[ASIN:B001DKTKDO Sauder Harbor View Armoire - Antiqued White]]) rot in my hallway. My husband intervened, complied, and emailed pictures. It was humiliating and degrading -- overall a bad experience. But that was unusual. I hope to not have a repeat of that. If it happens again, I will be contacting their Chairman of the Board and President, and scream bloody murder. It may be that people abuse their free replacement service, but why the heck does Sauder not take note when I contact them that I had (at the time) over 25 pieces of their furniture in my home, and I am not a crank. Jeez and criminy!<br /><br />Take a trip to any furniture store. Bring a flashlight. Go up to a wall unit, open a cabinet, tap on side walls, bottoms of drawers, very top of the unit. Much of the woods there are 1/4\\" thick. And for the 9X less, you can buy Sauder, and to tell you the truth, Sauder looks just as nice, and you won't go broke. What costs $5,000 at a furniture store could only be $500 buying Sauder. Price out wall units, and you will see what I mean.<br /><br />Anyway, Sauder is a super company, most of the time.al hundred dollar unassembled armoire ([[ASIN:B001DKTKDO Sauder Harbor View Armoire - Antiqued White]]) rot in my hallway. My husband intervened, complied, and emailed pictures. It was humiliating and degrading -- overall a bad experience. But that was unusual. I hope to not have a repeat of that. If it happens again, I will be contacting their Chairman of the Board and President, and scream bloody murder. It may be that people abuse their free replacement service, but why the heck does Sauder not take note when I contact them that I had (at the time) over 25 pieces of their furniture in my home, and I am not a crank. Jeez and criminy!<br /><br />Take a trip to any furniture store. Bring a flashlight. Go up to a wall unit, open a cabinet, tap on side walls, bottoms of drawers, very top of the unit. Much of the woods there are 1/4\\" thick. And for the 9X less, you can buy Sauder, and to tell you the truth, Sauder looks just as nice, and you won't go broke. What costs $5,000 at a furniture store could only be $500 buying Sauder. Price out wall units, and you will see what I mean.<br /><br />Anyway, Sauder is a super company, most of the time.	2015-08-31
US	12676426	R3MO3RW1693KN4	B00GR2TEFM	6870304	Natural Colombian Brindle Cowhide (Tri-Color, Large)	Furniture	5	0	0	N	Y	Five Stars	Superb quality and exactly as advertised.	2015-08-31
US	50527179	R43IX5EA1OJLC	B002HRFLNU	383370778	4D Concepts 3-Piece Nesting Tables with Slate Tops, Metal/ Slate	Furniture	5	0	0	N	Y	Great product	They arrived quickly (long  before promised) and are well made and beautiful.	2015-08-31
US	24893193	R2V4G7A3DMDRUE	B00KHY7W82	720781342	Convenience Concepts Double Trestle Desk	Furniture	2	5	5	N	Y	Ok if it were under $130, but not worth more....	Low quality materials, but a good size and would be pretty functional.  But mIne came w a cracked leg and I had to jump through too many hoops to resolve the issue.  Ended up getting a refund, but still need a desk.  Try something else.	2015-08-31
US	35395537	R3RBVDGSKCW25D	B000WNYT9I	694070771	kathy ireland Home by Martin Mission Pasadena Mobile File Cabinet	Furniture	5	4	4	N	Y	I'm happy with it	Came fully assembled, thank goodness. All I needed to do was switch the handles from inside the drawers to the outside. It's real wood, not particle board and should last a long time. Decent quality. I'm happy with it.	2015-08-31
US	21610875	R2JH1KG23SL3BW	B000NPDH84	723202771	Sauder Summer Home Gourmet Stand -Carolina Oak	Furniture	4	0	0	N	Y	it's a really nice, heavy cabinet	I would have given 5 stars. BUT... I put it together by myself.  The assembly wasn't difficult, but when I was almost done, one of the pieces &#34;cracked&#34;!  Luckily, it is not noticeable.  I would not have been able to take it apart & send it back due to the glue.  Upon completion, it's a really nice, heavy cabinet.	2015-08-31
US	36956029	R2Z8QDRUOYCNZN	B005HXETU2	49913292	Levo Ebook & Tablet Platform Kit	Furniture	5	0	0	N	Y	Five Stars	Good!!	2015-08-31
US	32190629	R1AGBIZJZV2CRZ	B00KSL9T3U	755083048	Perfect Cloud Atlas Gel-Plus 10-Inch Memory Foam Mattress - Amazon Exclusive Model Featuring New Gel Cool Visco - 10 Year Hassle-Free Warranty	Furniture	5	0	0	N	Y	Five Stars	Not too firm, not too soft.  Just right!!	2015-08-31
US	49453576	R4KJEULSPSMLO	B00W7GN82W	335755860	Hot sale Just for You, Funny Giraffe picture, Never Stop Dreaming pattern for polyester Shower Curtain 48" x 72" Inches	Furniture	3	0	0	N	Y	Three Stars	ink is a bit blurry	2015-08-31
US	15023748	R24G0317TES6EC	B00AJ541UQ	247675633	YUPO Polypropylene Pad Medium 74# 5X7 (Packaging May Vary)	Furniture	5	0	0	N	Y	Five Stars	Excellent	2015-08-31
US	26360308	R12KX3QA5FFTMU	B004FJKE6M	44747332	Rolling Magazine Storage Table, Black	Furniture	1	3	3	N	Y	A piece of junk. The screws is too short ...	A piece of junk.  The screws is too short to set it up and a piece at the corner of the board is broken off.  We are sorry to order this particular item.  It is very disappointing.	2015-08-31
US	1132786	R1YZLTZ7ZDRUD2	B00OYPDOI2	584181915	Aojia Children's Slip Resistant Step Stool, product Dimensions W:15 " D:12.6 " H:10.5 " QYF1557	Furniture	4	0	0	N	Y	Four Stars	Good product	2015-08-31
US	46010676	R3917O00MXAZ4G	B001ANCRTI	681274550	Carolina Headboard in Country Pine	Furniture	5	0	0	N	Y	Five Stars	Great product	2015-08-31
US	9873297	R2PMZYPFH2NPE7	B0135N7GXM	492237698	Modern Tribal Kilim Dhurrie Contemporary Area Rug	Furniture	5	1	1	N	Y	Five Stars	Beautiful!	2015-08-31
US	22163478	R35ZBZFZXAWDW9	B000LPFUG8	365033398	Folding Shopping Cart - VersaCart Transit Utility Cart - Transport Up to 120 Pounds (Water-Resistant Heavy Duty Canvas)	Furniture	5	1	1	N	Y	Five Stars	Great purchase.	2015-08-31
US	51472991	RW7MMC2P5SSPQ	B003D11VR4	288808864	Kappa Contemporary Adjustable Barstool	Furniture	5	0	0	N	Y	We love these bar stools so much that we purchased another ...	We love these bar stools so much that we purchased another one. They are very comfortable and perfect for our kitchen decor.  We love the cherry red color.	2015-08-31
US	41387755	RW6TX3HFPY8W1	B00IMDXQQC	384344753	Dorel Living Granite Top Kitchen Cart	Furniture	5	1	1	N	Y	Perfect size	Perfect size for a small apartment! I personally think it looks better without the wheels but overall awesome addition to my place!	2015-08-31
US	51475684	R20Y29ZJ4615LP	B00W4DCFR2	919054630	Zinus Upholstered Button Tufted Platform Bed with Wooden Slats	Furniture	4	1	1	N	Y	It was very easy to put together and looks really nice	It was very easy to put together and looks really nice. It's very sturdy as well, my mattress does over lap the front a little so I'm unsure if that's the frame or the mattresses fault. It does have a lot of wooden slats which give it extra stability, they are also attached with velcro, but I wouldn't put stock in the velcro being a really strong attachment. It does come in a very heavy box.	2015-08-31
US	10567196	R1BBA8CG8AM5ZQ	B004M8RME8	479941893	Computer Workstation With 3-Port USB Hub	Furniture	5	0	0	N	Y	Great student desk	I liked this desk when I had it. I had to give it away when I moved. But it's a nice, concise desk that can fit in a corner. Well designed.	2015-08-31
US	37478338	R355JZY79LUYP1	B00ZPIZQM4	940564679	Useful UH-US154 2 tier Under Sink shelf 15 1/2H x 15 1/2W x 18-32L adjustable organizer	Furniture	5	0	0	N	Y	More than an under sink shelf	I bought this shelf to use as a shoe rack in my son's dorm closet.  He has a very small space and all the shoe racks I saw were too wide.  This unit is adjustable so it fits well and can give him more area so he can stack his shoes.  The shelf was very easy to assemble and completed in a few minutes.  It is working well for this purpose. Great product.	2015-08-31
US	7691605	R3AUQX2ZTXMO0K	B001TQYSCU	226363481	Walker Edison Soreno 3-Piece Corner Desk	Furniture	5	4	4	N	Y	Big, pretty,worth the money	Big, pretty,worth the money , like it	2015-08-31
US	44249685	R1GOFC5UGAXJ50	B00KGED098	874252318	Safavieh Vintage Premium Collection VTG113-2111 Transitional Oriental Spruce Green and Ivory Distressed Silky Viscose Area Rug (10' x 14')	Furniture	5	0	0	N	Y	Great rug!	Bought for my new 90 year old house... put in dinning room and it looks great with my square table. Perfect fit.	2015-08-31
US	31468980	R1Q8P69QWRSX4H	B00SNZVXV4	987949282	Wedding Bride and Groom Personalized Framed Name Created with Nature Related Alphabet Photographs - Exclusively By Creative Letter Art�	Furniture	5	0	0	N	Y	This was the BEST IDEA EVER	This  was the BEST IDEA EVER! Great communication, well made, arrived on time! Thank you so much Creative Letter Art!	2015-08-31
US	33788671	R33BYXUE31S49R	B004HLU7CE	75641424	Sauder Storage Cabinet - Ebony Ash	Furniture	3	0	0	N	Y	Hotdog wood cabinet.	This is made of hotdog wood.  I think all Sauder products are, but its still pretty cheesy.  Overall, its not a bad cabinet.  Dont expect to move it much after its put together.	2015-08-31
US	12301258	R2HVR5C8U8YWA	B00HETRYOU	601628121	Ultimate Dreams Crazy Quilt 7 inch TriZone Mattress	Furniture	4	0	0	N	Y	Four Stars	It was everything that I needed but took a little longer to ship than I anticipated	2015-08-31
US	22378073	R2ZOGBH53LTJGN	B006W3AUS6	894466640	Baxton Studio Owstynn Linen Modern Banquette Bench	Furniture	5	1	2	N	Y	My favorite piece of furniture I've ordered from Amazon	My favorite piece of furniture I've ordered from Amazon!!! I ordered two of them to renovate my breakfast nook area with a banquette/booth style dining. It is so elegant and yet give a very comfortable homey feel. I'm able to now sit more people in this area as we gather with family and friends often. My only suggestion is to make sure that you put stain guard on it. I would have loved if it was a little darker in color, but the stain guard I put on it immediately worked. No issues thus far! FYI- the legs to this furniture are INSIDE the black underlined velcro piece under the couch. I thought they had shipped it without legs at first.	2015-08-31
US	29521051	RR4A1A8OSUQ98	B00PMDCSIM	21078111	Bamboo couch tray. Flexible brown sofa arm table. Sofa tray table.	Furniture	5	6	7	N	Y	Simple, Elegant, and Functional.	This sofa tray works extremely well for having such a simple and elegant design. It's not ugly and overbearing like the plastic ones that seem to be the most common. I use them as both couch arm trays and ottoman trays! However, note that if you have a &#34;round&#34; couch arm, this won't actually work well for you, since it will conform to fit the shape of whatever it's sitting on. The seller is also wonderful and has great customer service!	2015-08-31
US	20313850	R1F5SBG7I07A0V	B00UDH3RLE	922208005	Citronella (Mosquito Repellant) Scented Blended Soy Candle for INDOOR Use by Just Makes Scents	Furniture	5	7	9	N	Y	Nice lightly scented citronella candle- soy blend - I love ...	Nice lightly  scented citronella candle- soy blend - I love it, but mosquitoes hate it!	2015-08-31
US	15119339	R2D09ANI67HRV4	B00578EI5S	353304426	Linon Home Decor Vanity Set with Butterfly Bench	Furniture	5	0	0	N	Y	Love This Item	I absolutely love it!!!!!  The stool is comfortable.  The space on the sides is enough for brush holders, mirrors, etc.  And the mirror is  huge!!!!	2015-08-31
US	15324405	R2C2EMR1V1XACC	B003K8FESW	979832956	Safavieh Courtyard Collection CY2914-3908 Black and Sand Indoor/ Outdoor Area Rug	Furniture	5	0	0	N	Y	Looking Good!	It really looks good in the kitchen.	2015-08-31
US	42022661	R2XGFUWLG6NIBR	B0044IZZMM	516044429	Wall Decor Silvery Lace Dragonfly Bronze 20x14 - Regal Art #A580	Furniture	5	0	0	N	Y	Five Stars	great love it thanks---pt	2015-08-31
US	29896417	R87CF1495LO6N	B00HD1WM7I	821920428	Fab Habitat Maya Multi & Pink Flat Weave Recycled Cotton Rug	Furniture	5	0	0	N	Y	Five Stars	great	2015-08-31
US	28719558	R1HBTQPZ9CF753	B00GTCL3SQ	202477713	Best Price Mattress 6-Inch Memory Foam Mattress, Twin	Furniture	5	0	0	N	Y	Snore	I am sleeping great. Would buy again.	2015-08-31
US	2428548	R37DYATXR40XCY	B004ZG3YBC	2474307	Acme Furniture Aston Backless Bench	Furniture	4	0	0	N	Y	It's a smidge smaller than I thOught but it's beautiful and perfect for my entry way	It's a smidge smaller than I thOught but it's beautiful and perfect for my entry way. Easy to clean. Seems sturdy enough for its purpose.	2015-08-31
US	13002968	R86Y27I1T1M1I	B00EYN1NN2	395753010	Compack 6-Leg Support Bed Frame	Furniture	4	3	3	N	Y	KING frame for a Twin Price - good stuff!	Great price for a great frame.  One of the pieces was slightly bent, but it was a great deal on the price.  I was very please with the quality for the price.  KING frame for some Kind Mattresses.  As I say in some of my other reviews, I checked out the town I have lived for 25 plus years and found some king bed frames for 5 or 10 times the cost that I found it on AMAZON.  I am not sure that I want to pay that much for the convenience of having it the same day in the little town of overpriced Elko Nevada.  I live in a mining town with mining prices but the with convenience of standard stores such as wally world, albertsgirls, rileys, and many furniture stores.  With the internet, why would I want to pay upward of tens times the amount for the same product.  Does it truly cost that much more to unload it from a truck into a store?  I simply say, it is a great frame for a great price.	2015-08-31
US	25668325	R3CMZQST7A64KJ	B00P2GAM64	774738283	MLF Eileen Gray End Table (Set of 1/2/4). Adjustable Height Table, Safe Tempered Circle Leveled Glass Top, Stainless Steel Tubular Frame for Firm & Durability, Metal Side Table. Easy to Move, Perfect Combination of Functionality and Style.	Furniture	4	4	5	N	Y	Great little table!	This table unfortunately arrived with no assembly instructions, but I managed to figure things out.  I have a big chair-and-a-half that has arms that are taller than most arms on a chair.  Most of the C tables are not tall enough to use with my chair.  I found this table, with adjustable height, and it really fits into my décor as if I planned to use it all along!	2015-08-31
US	31280176	R1C5XQK9U8KI6R	B00VJ7M5B0	335871008	Step Aside Coffee Tin Sign 16 x 13in	Furniture	5	0	0	N	Y	Tell it, Sister...Tell it!	This is Crazy Aunt Mary's new mantra! A great novelty sign -- a &#34;must have&#34; for collectors and drinkers alike!	2015-08-31
US	36817563	R1BXIVWOPHD9XV	B004M2B4DO	488800000	Prepac Coal Harbor Nightstand	Furniture	2	0	0	N	Y	Don't buy	Not worth the money. It looks good but the material is cheap. I ordered 2 of these and one came with a missing piece. I was still able to assemble the drawer without the piece. And now I don't see an option to contact the seller for this order on my amazon account unlike other orders. That's what is pissing me off.	2015-08-31
US	16673236	R2FOG9REAX2A4K	B00RGICVPG	218330995	Dream Pro Restore Gel-Infused Memory Foam Mattress	Furniture	5	3	4	N	Y	Great bed!	I bought this in full-size for my teenage grandson and he just loves it. He said it's the most comfortable bed he's ever slept on - now his little brother wants one...so do I!  It's a great price for this product when you compare it to other brands too. It is delivered all rolled up, but easily unpacks and is ready to use in no time.  BTW, keep in mind that these mattresses are designed for platform beds. The manufacturer does not make boxsprings for this mattress. Thanks, Amazon, for a good deal.	2015-08-31
US	47912898	R1YYYH8128HX7Q	B007N1355G	19820644	Linon Tray Table Set - Brown Faux Marble - Set of 4	Furniture	5	0	0	N	Y	Five Stars	Love these tables very well made, nice and heavy. They are well built.	2015-08-31
US	29611764	R1NYEFUMRI6VG6	B004UME2PS	335110382	Furinno End Table Bedroom Night Stand w/Bin Drawer	Furniture	5	0	0	N	Y	Sturdy little table with storage bin.	Easily assembled pretty little table that I used in a tiny en suite bathroom in our house. Love it..recommend it for those who need a small table with a bit of storage. Will go anywhere, could be a bedside table, an occasional table, or a little bit of storage in a postage sized room with none at all. Very, very happy with it.	2015-08-31
US	43155677	R27WLU114HI9YS	B00EB38XBK	143472305	NCAA Youth Folding Chair NCAA Team: Wisconsin	Furniture	5	0	0	N	Y	WISCONSIN Youth Chair	Great gift! Well made. I'd order again.	2015-08-31
US	45864736	R2FSU6EK0ITQ9Q	B00KQ6NZVE	873660786	Duro Chicago Twin over Twin Bunk Bed - Black	Furniture	4	0	0	N	Y	Four Stars	just what we expected	2015-08-31
US	128936	R2EZWNTAWYDX5L	B000NPQHGS	909880747	Winsome Wood 4-Tier A-Frame Shelf, Dark Espresso	Furniture	5	0	0	N	Y	it holds my component's and looks great too.	I'm using this under my flat screen tv that is mounted on the wall.  it holds my component's and looks great too.	2015-08-31
US	40016314	RSH4Y4S39SS13	B00QBZ265U	637686095	Tuft & Needle Mattress	Furniture	5	0	0	N	Y	Awesomeness	So after reading so many great reviews about this mattress, I decided to go ahead and order it. I was going to order directly from the company but remembered Discover had a promo for 5% back on Amazon purchases. Shipping was fast! The mattress came to my doorstep within a few days. Setup was easy... you basically just cut open the two layers of plastic that it is wrapped in and let the mattress expand. The mattress is on the firm side, which I kind of prefer, but it took about a week to get used to the mattress. After that, everything was awesome. I used to wake up with back pain with my old memory foam mattress, but that totally stopped after I started sleeping on the Tuft & Needle mattress. Very happy with this purchase!	2015-08-31
US	127512	R347FLYNESTYZF	B00QT5LO00	131447679	COMPUTER DESK - 60"L SILVER METAL	Furniture	4	2	2	N	Y	like the desk a lot	like the desk a lot, was a little disappointed that the holes weren't drilled deep enough for some of the pegs, even with a hammer tapping it in, some of the pegs popped through the other side of the particle board. luckily it wasn't in a spot that was out where you can see! shipping was fairly fast, good customer service.	2015-08-31
US	30380352	R2WZK5MXV0AUE5	B004DAYE28	572654608	Dorel Home Products Junior Loft Bunk	Furniture	5	0	0	N	Y	Nervous at first!	Perfect for my 5 year old. Was nervous with the negative reviews. Very happy with the purchase!	2015-08-31
US	52982007	R2HTPXU9UVTNG1	B00IIFW2L4	624839138	AmazonBasics Mid-Back Mesh Chair	Furniture	4	0	0	N	Y	Good value with moderate comfort	Good enough for the money.  Not super comfortable--I am used to a Herman Miller that cost more than 10 times this chair.  It is good enough for a few hours but may not be sufficient for all day seating.	2015-08-31
US	47379142	R11EIGJYNMGN15	B004TMI746	954379685	Night Therapy 8" Total Therapeutic Comfort Premium Memory Foam Mattress	Furniture	5	0	0	N	Y	COMFY	So I wanted a cheap mattress for a daybed in the guest bedroom.  So I figured I should try it out and sleep on it, and this is probably the most comfortable mattress I've ever slept on.  I'm impressed.  I'll probably buy another.	2015-08-31
US	34498132	RHA67HDJ0P086	B003FGWY1O	836434155	South Shore Axess Collection Desk	Furniture	5	1	1	N	Y	Great little desk!	Great desk for the price.  Small, but exactly what we were looking for.  My son (middle school) is thrilled to have his own grown up space to work on school work and play minecraft, lol.	2015-08-31
US	11014273	RJG3YUIOIOZZ	B001FB5LE8	226363481	Walker Edison Soreno 3-Piece Corner Desk	Furniture	4	0	0	N	Y	Four Stars	The only drawback is the mouse pad doesn't fit on the tray along with the keyboard.	2015-08-31
US	5395378	R2ZGP3WS27QKAA	B00KY6WAVW	263945683	Homelegance 2020TBK-1 Metal Platform Bed	Furniture	5	0	0	N	Y	Five Stars	Easy to put together. Good and sturdy.	2015-08-31
US	42376372	R16ZIRJL035Z9I	B00N67HCZA	876815732	Kardiel Mies Mid-Century Modern Plank Armchair	Furniture	5	1	1	N	Y	This is a beautiful chair.	This is a beautiful chair...I was looking for a leather MCM chair and found many that were over this price point.  There were no reviews, so I thought...let's give it a try!  I am soooo glad I did....the leather is beautiful...wood looks very similar to the picture.  I am actually thinking about getting another of the same to place around my fireplace!  It took a couple of weeks to arrive, but that is ok.  I needed to schedule a time to be home when it arrived to inspect before accepting the piece.  Overall, VERY happy with this chair!	2015-08-31
US	38851472	R3VVE1PGVWYVJK	B0002KNLS6	786201104	Coaster Jewelry Armoire, Ivory Finish Wood with Hand Painted Roses Floral	Furniture	5	0	0	N	Y	Beautiful chest. My son put it together without any ...	Beautiful chest.  My son put it together without any problems and it is just SO pretty.  No issues with construction quality.  I love it.	2015-08-31
US	18199588	R270VVWBBRDTAX	B003VL31N8	601680791	WOYBR TV-SW-TS 120 Bent Wood, Glass, Modern Metro 120	Furniture	3	0	0	N	Y	Three Stars	exactly what I wanted and fairly easy to put together	2015-08-31
US	13928816	R1I42TUFZS1SOM	B00K0QGQUW	150072291	NaturalAreaRugs Synergy Carpet Stair Treads, 9" x 29" (Set of 13)	Furniture	4	0	0	N	Y	As advertised	So far so good, used carpet tape and secured them to the stairs, color is good, so far has held up ok.	2015-08-31
US	2827737	R14I03AVU2ND37	B0030ZDZL8	941368170	Boss Multi-Function Fabric Drafting Stool	Furniture	5	0	0	N	Y	Five Stars	Great seating for working at a raised counter top service desk.  No problems.	2015-08-31
US	1649261	R1ZA82OHAV2KNY	B00BSP8044	547391296	BestOffice Mid Back Mesh Ergonomic  Computer Desk Office Chair, Black	Furniture	5	0	0	N	Y	Great chair for the price.	Comfortable chair	2015-08-31
US	39595919	R3JJQHYHSZHXYT	B0035DFDC4	986849455	Leick Furniture Chairside Lamp Table	Furniture	5	0	0	N	Y	Great piece!	Perfect, just what I need .. very well constructed too.	2015-08-31
US	12055038	R260MSNNXNZEGG	B008RS8HSY	184404527	Signature Design by Ashley Deanville Antique Brown Low Leg Recliner	Furniture	5	1	2	N	Y	Five Stars	Great chair.	2015-08-31
US	11356163	R1L8E86GHNLKZR	B00FQMBAWE	322660845	White Mirrored Jewelry Cabinet Armoire W Stand Mirror Rings, Necklaces, Bracelets	Furniture	1	0	2	N	Y	One Star	missing parts	2015-08-31
US	46126645	R37ALK66P8G6EL	B003FSTNAM	479289452	Complete Computer Workstation with Storage	Furniture	3	0	0	N	Y	Great price, decent desk	Sturdy desk for the price. Only complaint - the base for the PC is a bit annoying as it takes up leg room and I tend to kick it a lot.	2015-08-31
US	44229941	R1VTW2Q767QXJ1	B007TLKL8O	123502066	Altra Deluxe Parsons Desk	Furniture	5	0	0	N	Y	Larger than expected, but perfect!	Put this together over the weekend and am already in love with it! I love the openness of the layout and it is quite sturdy. There is so much space on top for lots of work and the shelves are quite large as well. Overall this is a great product and I am so glad that I purchased it!	2015-08-31
US	49315571	REM1THSK8Z7ZR	B002NS0ZCK	503087533	Flash Furniture Mid-Back Black Mesh Swivel Task Chair with Arms	Furniture	5	0	0	N	Y	Five Stars	Great product and fast delivery.	2015-08-31
US	50238216	R3C3ISNLW32I6R	B004QXWS4S	822029913	Coaster Vinyl Accent Chair	Furniture	1	0	0	N	Y	One Star	chair broke 3 months after purchase. How do I get refund on this one?	2015-08-31
US	13683733	R25U0TX81CJ5H0	B001078PS6	124867675	Milliken Signature Eagle Canyon | Opal Area Rug 2'8" x 3'10"	Furniture	5	0	0	N	Y	Very well made.	Very well made.  I love the southwest design - not too busy.  This is a re-order - I liked the first one so much I ordered it again.  The rug is very durable.  Thanks.	2015-08-31
US	21674704	R16T864GEOMK7J	B00O985KEU	540492897	Home-it step stool Super quality Folding Step Stool for kids step stool 11 Inches.	Furniture	5	0	0	N	Y	Stepping stool	Cute as a bug. This step stool is cute just sitting around. I hoped my cat would hop up on it to get to my bed since she is getting to be a senior cat. But so far she just sniffs it. But...all is not lost, in time I think she will use it and meantime it is cute sitting around. I like idea of not having to put it together, it folds very thin and opens very easily.	2015-08-31
US	11637597	RFVSC9Q4RF3FQ	B00PBQ7EA2	892101881	NeverCurl Instantly Stops Rug Corner Curling. Safe for wood floors. For Indoor & Outdoor Rugs. Includes 4 pcs. Not an anti-slip pad. Made in USA.	Furniture	5	0	0	N	Y	Five Stars	Our front entry carpet kept getting caught under the door, and now works perfectly!	2015-08-31
US	16885748	R3U2L86G2W4EKG	B00FPUK9SS	761419680	Inskeppa Collection Kids 23.5" Diameter Table	Furniture	5	0	1	N	Y	Five Stars	Perfect for my grandaughter.  I like the safety design and it's perfect for my small apartment.	2015-08-31
US	12199326	R33I5NPU2S715F	B0001WYK4E	237112194	Coaster Oriental Floral Accented 4-Panel Room Screen Divider, Black Wood Framed	Furniture	5	1	1	N	Y	Very pretty screen! Stable on carpeting- I'm using it to ...	Very pretty screen!  Stable on carpeting- I'm using it to hide gym equipment in my bedroom and its works great for that.  The wood is black- didn't realize that when I ordered it-	2015-08-31
US	9698302	RDBC0D7YH8112	B00T7NQVMW	607506351	Discovery World Furniture Twin Bookcase Daybed with 3 Drawers and Twin Trundle	Furniture	4	3	3	N	N	It looks fantastic and was exactly what I was expecting	I just got mine and finished putting it together!  It looks fantastic and was exactly what I was expecting.  Only downside was the delivery was a little tricky and came about 6 days after estimate.	2015-08-31
US	11498601	R182WOCA8C15F7	B001FB5LHK	226363481	Walker Edison Soreno 3-Piece Corner Desk	Furniture	2	0	0	N	Y	it's cute if you just need a side table, ...	it's cute if you just need a side table, but awful as a workstation. don't most people want their mouse and keyboard on the same level? i know the picture shows the mouse on the main desk and the keys underneath, but it didn't hit me until i tried to work there.	2015-08-31
US	16806846	R1BEINAIQFBRJC	B007I81A60	68465765	8" Night Therapy Spring Mattress & Bi-Fold® Box Spring Set	Furniture	5	21	23	N	Y	An Engineering Surprise	A full size mattress is approximately 72-inches long by 54-inches wide, and this set was advertised as being 8-inches thick.  When this set arrived, in two boxes, I went back to the listing thinking that I had misunderstood the listing.<br /><br />The box for the spring was only 54-inches by 47-inches by 5-inches.  I felt that there was no way an 8-inch spring could fit in it.  I was certainly surprised when we unfolded the spring and it expanded itself to a full size and 8-inch thickness.  I did not look closely to see how this transformation was accomplished, but just looked at it in wonder.<br /><br />Similarly, the mattress box measured 18-inches by 18-inches by 39-inches.  Again, certainly not large enough for a full size mattress of 8-inches thickness.  Once again I was totally surprised.  The mattress was rolled into a tight roll.  When we removed it from the box and unrolled it on the bed, it self-expanded to its full size.<br /><br />I have been sleeping on it for about two weeks now, and this is my impression.  As advertised, it is a firm mattress set, but with enough &#34;give&#34; to make it very comfortable.  The 8-inch thickness of the springs and the mattress mean that the top is 18-inches from the bed frame.  For some shorter people, it may make getting into bed a bit more challenging.  As arthritis is destroying my joints and spine, this may become a problem for me.<br /><br />Over all, I recommend this set.	2015-08-31
US	2392235	R2NNBDQ67BUKG6	B004I2IFGM	450121699	Alera Wire Shelving Garment Rack/Coat Rack/Stand Alone Rack	Furniture	5	0	0	N	Y	Excellent!	This item is great! I have another rolling garment rack, but it's not nearly as heavy-duty and nice as this one. I am very pleased with this purchase. Exactly as described. I would absolutely recommend it.	2015-08-31
US	41954796	R1QO5ULS3XU9KN	B002KQ5KPW	163930961	Handy Living Wood Slat Bed Frame Extra Long Twin	Furniture	1	0	1	N	Y	DONT ORDER!!!!	Of all my amazon purchases...this was an expensive pile of kindling wood!arrives in literally 4dozen pieces...instructions terrible...and boards were warped .by the time I got around to sending it back was too late.	2015-08-31
US	39055934	RVGMUQU3PGTA5	B0038FFWJ8	419622236	Crown Mark Cheval Mirror, Brown	Furniture	5	0	0	N	Y	Five Stars	great mirror and easy to but together	2015-08-31
US	49866462	R20C4ROEEDB3YB	B008DPX8GM	81243253	South Shore Flexible Collection Headboard	Furniture	2	0	0	N	Y	Didn't attach to frame properly.	Certain holes didn't match up to attach it to frame.	2015-08-31
US	44094285	R37R1GVJ6E6SVZ	B00LPYP4B0	270152793	Whitewood Round Pedestal Table	Furniture	3	7	7	N	Y	Globalist has failed this customer	I like this item but have to return it.  Not sure if I want a replacement.  The hardware to put it together are wrong.  It came in different boxes for the top and the base so many that was the disconnect.  The feet are unstable because the peg on the feet are too small to fit into the base holes which are larger making it unstable.  I tried to get new hardware but was told to send it back since Amazon could not contact the manufacturer.  It is from Vietnam.	2015-08-31
US	3187164	R1CAU8O80XOGS6	B00O8WML7G	852049604	Modway Clique Headboard	Furniture	4	1	1	N	Y	such a great price for the quality of the product	such a great price for the quality of the product!<br /><br />only wish the sticks in which the headboard needs to be attached to would be longer so the height could be adjusted for slightly higher beds.	2015-08-31
US	29920766	R2F5HNXU0DP2WF	B004HIVJ5G	578899951	Bed Claw Queen Bed Modification Plate, Headboard Attachment Bracket, Set of 2	Furniture	1	0	1	N	Y	Garbage	Not worth reviewing.	2015-08-31
US	33721655	R11DWQYFQZOOT1	B000THD5S8	236725473	Bestar Active Computer Workstation, Copper Cherry and Maple	Furniture	4	1	1	N	Y	It was very simple and its very sturdy. Only problem was the laminate on the desk ...	Me and my 7yo daughter put this beast together. It was very simple and its very sturdy. Only problem was the laminate on the desk top was coming up in the corner. That was an easy fix for me.	2015-08-31
US	27465660	R1ZEKI65EI1TDG	B00K2UPM2E	131117909	South Shore Little Treasures 54-Inch Bookcase Headboard, Full, Country Pine	Furniture	5	0	0	N	Y	Five Stars	Love the look of this! Easy to put together by myself.	2015-08-31
US	1325552	R2NVRW7CAHVZ72	B00B2QJUPM	869251322	Sauder Caraway Floor Cabinet in soft white	Furniture	5	0	0	N	Y	Five Stars	Looks nice, easy assembly,and sturdy	2015-08-31
US	142754	R2K223TEIWO0MG	B00T40L0SS	108336070	DHP Dakota Faux Leather Upholstered	Furniture	5	1	1	N	Y	Love it	I absolute love it.....I built it myself was very easy....very happy	2015-08-31
US	22731749	R14LJ12813OV8Z	B002ED9AZC	995389815	Sauder Beginnings Storage Cabinet Soft, 23-Inch, White	Furniture	2	1	1	N	Y	Uneven doors after assembly, had trouble with latches, ...	Uneven doors after assembly, had trouble with latches, cheap product. The handles are beyond cheap looking, tried to dress it up by buying nicer ones...but they don't fit!!! So frustrating. Save time and money do not buy.	2015-08-31
US	23375760	R1VXKHPG3Q43N5	B00BWC1X3S	328960153	Zinus 14 Inch Elite SmartBase Mattress Foundation / for Big & Tall / Extra Strong Support / Platform Bed Frame / Box Spring Replacement / Sturdy / Quiet Noise Free / Non-Slip, Twin	Furniture	3	0	0	N	Y	does the job	Does the job we needed it to do. Sturdier feeling than the cheaper non elite version,however, frame was bent when received. Luckily my husband was able to straighten the affected area, as I wasn't looking forward to having to send it back.	2015-08-31
US	49760248	R3FYVB5BEDSHBM	B00934G9Y0	315666168	Safco Products 4750BL Zenergy Ball Chair	Furniture	5	0	0	N	Y	Awesome Chair!	This is a great chair that takes up little room.  Nice for small office in house.	2015-08-31
US	35981538	R1GLCDI7XTHR10	B008YGQWI6	24680563	EasyComforts Wide Step Stool	Furniture	5	0	0	N	Y	Five Stars	Good stool. It's good quality	2015-08-31
US	30141812	R2BK1W53MMHJQ3	B00L6IYJ48	170906103	Ginger Handmade Rattan Wicker Stool Fully Assembled White Wash	Furniture	4	3	3	N	Y	Better looking even than photo	Attractive. Better looking even than photo. Well made.	2015-08-31
US	14278352	R3RMRS0JD6HQ4D	B00JITHL7E	403803724	Classic Brands Low Profile Foundation Box Spring, 4-Inch	Furniture	5	2	2	N	Y	Sturdy and easy to assemble.	Overall we are very happy with the box spring. I did not think the wood was low quality which I had read in other reviews. It was very easy to put together and even included one set of extra bolts, nuts and screws. I also liked the added bonus of the cover.	2015-08-31
US	42237960	R29016O2LRS8YW	B001G9XIW6	103317765	Safavieh Courtyard Collection CY2726-3901 Sand and Black Indoor/ Outdoor Area Rug	Furniture	1	0	1	N	Y	Worst rug ever!	Worst rug ever! I bought the Safavieh Courtyard Collection chocolate border rug and runner. They are very stiff & rough. Definitely not for indoor use. The stitching isn't straight the rug had flaws in stitching. I returned this but Amazon charged me over $11 for return shipping. Such a ripoff for a piece of junk!	2015-08-31
US	14325991	R1291043XG0EFA	B00TV4GEKQ	474295870	East West Furniture VANC7-OAK-C 7-Piece Dining Table Set	Furniture	3	12	12	N	Y	Instead of embedding a bolt or connector into the bottom of the seat body like it is in the body of the chair	The construction of the table is solid. All the components fit together correctly. However, the chairs pose a problem. Connecting the seat onto the chair is a total disaster. Instead of embedding a bolt or connector into the bottom of the seat body like it is in the body of the chair, there is only a set of wood screws to work with. The screws are screwed in less than 1/16th of an inch into the seat which is not enough length to hold the seat in place securely.  Also, there is a tremendous problem positioning the seat onto the structure of the chair. You are left to guess at where to position the seat and where ever you position the seat it still does not line up correctly. East West definitely dropped the ball on this one. Fitting the seat onto the chair is total guess work and it can never be positioned correctly. East West put all the burden on the assembler. This problem could have been solved if East West had  embedded bolts or connectors into the body of the seat bottom.	2015-08-31
US	24956231	RPMAYX2W146PR	B00ZPJ70OU	221821404	Useful UH-US155 2 tier Under Sink shelf 16H x 12W x 18-32L adjustable organizer	Furniture	5	1	1	N	Y	I should have bought years ago!	Love seeing the organization under my sink. The plastic vented shelves are nice to store damp sponges. Can find cleaning stuff so easily now. Sturdy, plastic organizer that does the job.	2015-08-31
US	21085047	R13PF77TEZE93F	B00EZSDD66	491032974	2 Barstools Swivel Seat PU Leather Modern Adjustable Hydraulic Bar Stool	Furniture	5	0	0	N	Y	Pretty and Useful	Great for at-home-salon and fun for the kids.	2015-08-31
US	24696409	R267FU8YC9UK64	B003TFDQV8	521807823	Darice 35707, Lace Aisle Runner, 100-Foot, White	Furniture	5	0	0	N	Y	nothing wrong with it	its a big white roll of cloth that my wife and i walked on.  it worked great, and was super affordable!	2015-08-31
US	44665585	RG90SCY1N6A8Z	B004O9CARY	894600068	Beds Up, Bed Elevating Inclined Frame Insert, King size	Furniture	4	1	1	N	Y	Well made!	Easy to assemble, all the parts were included.  For the less mechanically minded, it might have been a little more difficult to assemble due to very basic instructions.  Well made.	2015-08-31
US	19397232	R19VDB50EM04O5	B00GY7K2T2	447957891	Paterson Collection Contemporary Designs	Furniture	5	0	0	N	Y	Great Value!!	This is a fantastic rug for the price! It arrived quickly and is just what I needed! It looks so pretty.  I would definitely buy again! Just a quick note though: if you don't have anything heavy going on it (I have a coffee table on mine) then I would suggest purchasing a no slip mat for rugs to go underneath it. :)	2015-08-31
US	21413058	R21VKMN3HGN8UR	B00839JL0U	843431917	Simpli Home Warm Shaker Low Storage Cabinet	Furniture	5	1	1	N	Y	Its the perfect height for what i wanted	Its the perfect height for what i wanted!  tall, sturdy and real wood!  to be honest, it would have taken me like 10 days and 30 phone calls to put it together myself, but it was a little beyond my scope of carpentry knowledge... but with the help of a handy friend, we got it put together within 1.5-2 hrs.  so if you are like me and not that handy... find a friend!  but i love it!	2015-08-31
US	26212600	R3S0JSP7ZZ715R	B008VDLDJK	870789715	Ladders	Furniture	5	0	0	N	Y	Don't Leave This At Home if Your College Bound!	WONDERFUL product!  No more hurting their feet on flimsy sides of bunk beds -- idea for college dorms too.  My daughter put this together by herself in 15 minutes.  Sturdy, nice looking and does an excellent job!  Thanks!	2015-08-31
US	52982007	R10XVOPFI46V5	B00FHXHCSS	662222817	COFFEE TABLE -CHROME METAL	Furniture	4	0	0	N	Y	Nice table.	Nice little table.  It is solid and looks just like the picture.  It was easy to setup.	2015-08-31
US	39772449	R30JOZFIKQU4YC	B00KN1NF7G	719544838	Sara's Kitchen Beige Pears Design Modern Runner and Kitchen Mat Rugs With Non-Skid (Non-Slip) Rubber Backing	Furniture	5	0	0	N	Y	Vibrant colors!	This is a beautiful rug. The picture doesn't do it justice as the colors are so vibrant and id's made very well. I am so happy with it that I am going to order a few more!	2015-08-31
US	5337968	R1YOG8MVNUHQ8X	B000TMK0O0	482659682	Flash Furniture Mobile Wooden Ergonomic Kneeling Chair	Furniture	4	0	0	N	Y	... a flat angle and should be slightly inclined for better ergonomics. I fixed it with a simple wedge	The only problem with the chair is the seat pad is at a flat angle and should be slightly inclined for better ergonomics. I fixed it with a simple wedge.	2015-08-31
US	42226661	RMP5FEQAXLDEK	B00M8S005W	282388717	Heavy Duty Replacement Office Chair Base - 28" Aluminum Black - S4180-2	Furniture	5	0	0	N	Y	Good Stuff	Works great. Replaced plastic legs nicely.	2015-08-31
US	131356	R2ZW5DA2X6T7R4	B00NQA3KRG	852226027	Kayso Hippie Star with Psychedelic Sun Moon Bohemian Mandala Tapestries Throw Queen Bedspread	Furniture	1	0	0	N	N	Really Disappointed :(	Not the same as the one I ordered on the picture so I am really disappointed because the one I got has colours in it and not a clear mandala motiff like the one in the pic so now I have no where to put it as it clashes with all my decor :(	2015-08-31
US	21512148	R1YY81BLEC16PF	B0019QITHK	987057763	Boss Office Products Be Well Medical Spa Stool in Beige	Furniture	5	0	0	N	Y	comfortable and easy to assemble	Durable, comfortable and easy to assemble!	2015-08-31
US	17820936	R2L59KIJH302P9	B007QULII0	812343799	LexMod Stencil Dining Side Chair, Blue, Set of 2	Furniture	4	26	26	N	Y	Love this chair	Love this chair, very comfortable, curved slightly so it doesn't feel to stiff. Only downside I have is the back of the chair has weird plastic circles everywhere which is kind of distracting. Would have liked it to be completely smooth like the front.	2015-08-31
US	19966541	R3EH49SX5BU5LN	B0049H81OM	658411452	Fun Rugs Surf Time Collection Newport Surf Area Rug	Furniture	4	0	0	N	Y	Four Stars	cool rug for the kitchen	2015-08-31
US	26496534	R2LHOMSNI8FFUH	B00OCZ8LOG	942904502	Fashion Bed Group Dover 30 in. Swivel Bar Stool - Blackened Bronze	Furniture	5	2	2	N	Y	Good price for quality	Exceeded my expectations.  Not too hard to assemble.  Good price for quality.  I still hate that I am buying goods from overseas, but prices are so reasonable.	2015-08-31
US	5787705	R2VUI1548NZQHV	B000IHJF60	946439459	Tot Tutors WO697 Friends Collection Kids Book Rack Storage Bookshelf, White/Pink & Purple	Furniture	3	0	0	N	Y	Three Stars	Shipping was slow but other than that happy with product	2015-08-31
US	2442660	R1QJZU20GWHHA7	B0049FVB2I	772855463	Flash Furniture Mid-Back Black Fabric Task and Computer Chair with Nylon Arms	Furniture	5	0	0	N	Y	It is very comfortable. Good quality for the price	Came on time as expected.  I needed a little extra muscle to help line up the screw holes on the back and seat when attaching the arm rests.  It went smoother attaching the arm rests to the seat back first.  It is very comfortable.  Good quality for the price.	2015-08-31
US	36531066	R23VC3MRBC4GHJ	B00284AA9C	924306527	Way Basics Eco Storage Cube Plus	Furniture	5	1	1	N	Y	which was great, and they were exactly what we wanted	This is the 2nd time we've ordered from Way Basics. The cubes turned up a few days early on both occasions, which was great, and they were exactly what we wanted.	2015-08-31
US	2909744	R2SJJXFLRQEGT7	B0000YS93Q	714410806	Legacy Decor 4-Panel Shoji Screen Room Divider, Cherry Finish 71"h X 70"w	Furniture	4	0	0	N	Y	Pretty flimsy. Get the stands if	Seems a little cheap. Pretty flimsy. Get the stands if available	2015-08-31
US	37857042	R1SNIK1GZQAA90	B003RKVX10	127318929	Crown Mark Vanity	Furniture	5	0	0	N	Y	Five Stars	Very good quality for the price.	2015-08-31
US	110469	R38AR4351K3M21	B00LCJAL8E	290347574	Gray 4'0x5'3 Area Rug Modern Carpet Large New	Furniture	4	1	1	N	Y	The rug feels & looks great!!	All items were as they said they'd be. The rug feels & looks great!!	2015-08-31
US	11446858	R3OH6D2ZKLH9HJ	B009CI5WGS	523855888	NaturalAreaRug Eco Hold Rug Pad Earth Friendly Provides Extra Cushion For All Hard Surfaces Sizes  include 2'x3' , 2’ x 8’, 3’ x 5’, 4’ x 6’, 5’ x 8’,6’ x 9’,8’ x 10’,9’ x 12’ & 12’ x 15’.  Heavier and Thicker than Most Rug Pads	Furniture	5	0	0	N	Y	good price. Had it for about a month	Noticeable cushion, holds well, good price. Had it for about a month. Will buy again.	2015-08-31
US	17815763	RGZTAQ805K2V6	B0056GNJKQ	539244578	South Shore Sandbox Collection 60-Inch Queen Platform Bed	Furniture	1	0	0	N	N	WASTE OF MONEY/TIME/EFFORT	Horrible.  Fell apart with less than normal wear after only two months.  Only one adult slept in the bed.  I also agree with another reviewer that the &#34;edges&#34; are sharp and seem to have been just in the right place to catch a shin on them.  I say &#34;been&#34; because it is in pieces in my dining room after unsuccessfully trying to replace the joint screw/lock combination to put it back together, I will be throwing it out.  WASTE OF MONEY, TIME AND EFFORT.	2015-08-31
US	10714695	R21W7G4ZX7FYJ8	B00DY4S33K	944131938	Cooks Standard Pot Rack Solid Cast Pan Hook, Set of 2	Furniture	5	2	2	N	Y	Couldn't believe my eyes	We have had a baker's self for about 8 or 9 years. Of course we outgrew the hooks that came with the unit. I had no hope of finding additional hooks after all these years.I was so happy to find these. They work perfectly	2015-08-31
US	15086784	RH3XIB6S6E2UN	B00506DS58	840441669	Go Travel Ergonomic Foot Rest	Furniture	5	2	2	N	Y	Good for people with short legs	My wife has short legs so when she sits on a plane, her feet barely touch the ground. She said this was great and helped her relax. Compresses down to a small size for traveling too.	2015-08-31
US	43844363	R4QLG5TM0J8GU	B00NOPS7Z8	983636682	Easyfashion Adjustable Mid-back Swivel/tilt Chair with Arms (Orange)	Furniture	5	0	0	N	Y	Five Stars	Easy to put it together and quite comfortable.	2015-08-31
US	25592339	R1B86ZL4TFGNQ5	B00839JAXI	269224436	Simpli Home S-38 Cosmoplitan Collection Rectangular Storage Ottoman	Furniture	5	0	0	N	Y	Nice addition to the studio apartment	Received as described. Nice addition to the studio apartment.	2015-08-31
US	4674586	R3F8SLBLB66R66	B00QUEEPK6	953792907	FILING CABINET - 3 DRAWER ON CASTORS	Furniture	5	4	5	N	Y	My wife put it together by herself and she said it was fairly easy. Looks exactly like picture	I purchased and received within days.  Product came packaged securely with no defects.  My wife put it together by herself and she said it was fairly easy.  Looks exactly like picture.  Hopefully it lasts a good while	2015-08-31
US	7341516	R3AZFW2YUU657O	B0063MX1GY	718671145	STRUCTURES by Malouf Heavy Duty 9-Leg Adjustable Metal Bed Frame with Center Support and Rug Rollers	Furniture	5	1	1	N	Y	Five Stars	This is a great product really holds up to the standard of a king size bed	2015-08-31
US	13400246	R30FPFZ4EQ4BK3	B00SOGPBBA	175929523	Homecharm-Intl 43.3x15.8x30.7-Inch Storage Cabinet,White(HC-001)	Furniture	5	0	0	N	Y	Good value	This is nice.  Good value	2015-08-31
US	1723180	R1Y7OKFWUHNXS3	B0039R4N40	631947532	High Back Leather Executive Office Chair	Furniture	3	0	0	N	Y	Tilts	I like the chair, however it is not built very well. I like the lumbar addition & the leather is ok, but the chair tilts slighty to the right. You can't tell unless you do a full turn in the chair. We did not mess up on assembling it, so it is some kind of defect. It's rather annoying actually.<br /> I would not recommend it. You are better buying a chair from a store, so you can return if any problems.	2015-08-31
US	16845387	R1VP4UE1TS4D64	B00AY1TH18	394325976	Universal bookcase	Furniture	4	0	0	N	Y	Good Buy	Furniture was as expected and easy to install.	2015-08-31
US	19293947	R1W7SY3MONUXWZ	B013L4ZZV0	124365349	Arctic Dreams 10" Cooling Gel Mattress Made in the USA	Furniture	5	4	6	N	N	I fell asleep like a baby	The arctic dream mattress is 10” of total comfort and restful night. Of the 10”, 3” of it is cooling gel on top and 6.25” of polyurethane foam and top with .75” of really nice soft quilt. I honestly feel like I’m sleeping on a really expensive mattress that should have cost me in the thousands but this bed is affordable. Sometimes you have the mentality of “You get what you pay for” but this is an exception. The bed is a nice quality bed, comfortable, thick, and firmer than most pillow top mattress. The first night I slept on it, I notice that it didn’t take me long to fall asleep. I didn’t toss and turn like I did with my previous mattress. I also didn’t sweat or felt like I was heating up. I had this mattress for a month now and I still felt the same way when I first got it. I think this is the mattress worth investing in because it comfortable and the price is reasonable compare to other memory foam cooling gel mattress on the market today.<br /><br />*Received this product at a discounted price for an exchange for an honest review.	2015-08-31
US	46838822	R3MF74H4FUMF8S	B00MUE3QEG	324540916	Sale !!! H&L Office Mid Back Mesh Executive & Managerial Computer Desk Swivel Office Chair with Headrest and Flexible Arm Rest	Furniture	5	1	1	N	Y	Five Stars	Comfortable chair throughout the work day	2015-08-31
US	29849195	R9RXZDLJC8TWU	B004OE5GF2	656618237	Pocono 6-Drawer Double Dresser 4606 from Nexera, Espresso	Furniture	1	1	2	N	Y	not worth the money	Furniture came in box broke and ripped pieces were a mess. Because box was so bad had nothing to box it back up in to ship back. Would not buy it is not worth the money should of went to walmart.	2015-08-31
US	4265393	R23F86SBON3BW9	B001DNC0BU	482169790	Orchard Hills Computer Desk with Hutch	Furniture	4	0	0	N	Y	Customer Service is excellent! Desktop arrived cracked and it was replaced within ...	Lovely piece of furniture, a bit of a pain to put together.  Customer Service is excellent! Desktop arrived cracked and it was replaced within 3 days	2015-08-31
US	40036759	R10P4WUXL6EUUE	B00KKU8HVE	385045547	2 x Vinyl Air Lift Adjustable Swivel Bar Stools, -Pack of 2 (2002)	Furniture	3	1	1	N	Y	Very good bar stools, but very badly packed by the manufacturer	While the bar stools themselves are quite nice, the packing left a lot to be desired.  Both bottoms of the set were damaged, one subtly, and one quite obviously.  The third party seller was quick to send replacements which was much appreciated, unfortunately before noticing the subtly dented bottom we had already put the stools together, and can't manage to unseat the bottom in order to replace it with the new one.  No big deal I thought, the damage is slight so I'll just put together the other bar stool with the very clearly dented bottom with the new bottom and be happy, since that one I noticed before assembly.  Unfortunately, the replacement bottoms are a good inch in diameter smaller than the original bottoms!  Now I have mis-matched bar stools.  My own fault for assembling the first one without a close inspection.  All of that being said these are good bar stools and very worthwhile for the price, but do a VERY detailed inspection of the bottoms for dents before putting it together.	2015-08-31
US	26240818	R1F24X0QGCYV3C	B00BJDU14M	119971508	Ashley T127-553 Power Chairside End Table Dark Brown Finish	Furniture	4	3	3	N	Y	This table really works!	This table really works!<br />Just remember to flip the switch.  It would have been nice to have a little more &#34;cord&#34; room, but I love it just the same and use it every night for my phone and my tablet.  The underneath storage is also super handy.	2015-08-31
US	26453545	R3G93D3X3QAB1W	B005QGZE6S	810882186	Mozaic Twin Size 10-Inch Futon Mattress	Furniture	5	0	0	N	Y	In great shape! And	In great shape! And, it arrived before the estimated time so I was able to use it when I needed it! Comfortable to sleep on as well!	2015-08-31
US	38416666	R3J8ZO2MWEQS3K	B00E5VZRVW	434658034	15 inch Aloe Vera Gel Memory Foam Mattress - Cool & Gel Infused - Triple-Layered - Certipur-US Certified - Medium Comfort Level - 20 Year Warranty	Furniture	5	2	2	N	Y	Favorite	I love this mattress!	2015-08-31
US	47197689	R3VL1P52IFKX53	B00MHV4OQG	530767405	Indoor & Outdoor Rug, Braided Textured Design, Sunroom/Porch Carpet	Furniture	4	1	1	N	Y	Four Stars	Good rugs but not as heavy as I would have liked.	2015-08-31
US	47523907	R24EWEQY73BK1W	B006YVGRN8	572033191	Ashley Furniture Signature Design - Yvette Showood Accent Chair - Upholstered - Contemporary Living - Black	Furniture	4	0	0	N	Y	This is a nice looking chair	This is a nice looking chair.  It sits well, and is a good height.  The seat is quite large.  The stripes do line up well on back of chair with seat of chair.  The boxing stripe on the seat cushion is a little skewed.  Wish that were not so.  The chair is fairly easy to put together.  Do not be in a hurry to put it together.  Do not tighten the screws as you go or you will have issues with parts aligning.	2015-08-31
US	11020935	R16CBVCPOGMYE5	B00LO2G2QY	410727815	Winsome Trading Hamilton Double Drop Leaf Dining Table	Furniture	4	6	7	N	N	Pretty Good Value!	I live in a small apartment, and like many small apartments, this one doesn't have a separate dining area.  I have a tiny corner of the living room with which to place a dining table – so I really needed one that was nice and compact.  However, I also wanted one that was big enough to serve as extra table space for when I'm working on prepping a larger meal (because, yes, the kitchen is tiny, too).  This was a bit of dilemma before I struck on the idea of getting a table with drop leaves.  Unfortunately, it seems that smaller tables with drop leaves are somewhat hard to find, but after much searching, I came across this table, the &#34;Winsome Wood Hamilton Double Drop Leaf Dining Table.&#34;<br /><br />The first thing I love about it is its smaller footprint – it measures just 30&#34; by 26&#34; across with the leaves down, and 30&#34; by 42&#34; across with the leaves fully extended (do keep in mind, though, if you happen to be trying to jam this into some tiny niche, that when the leaves are down they still take up some space while hanging, so the table is more like 30&#34; by 28&#34; wide).  Also, I like the tiny drawer.  It's not really big enough to hold much, but I appreciate the effort at putting in a bit of storage.  Plus, it kinda makes the desk look almost like a writing desk, so I could see this table serving multiple functions, making it a nice multi-purpose piece.  Speaking of versatility, I also like how the table  keeps to a simple, classic style without being too boring (the tapered legs give it some visual interest), to where it could look equally well with a contemporary decorating scheme or a more traditional one.<br /><br />In terms of quality, I should mention that the leaves are sturdy and stable (very much so) when extended.  What's also awesome is the fact that the table is made out of actual solid wood (with the exception of the interior of the drawer, which I'm pretty sure is made of some sort of composite.  Color-wise, it's pretty spot-on to the online picture, and I'd describe it as a walnut color (just like the listing does).  The finish is also pretty good, at least on the top and legs.  The underside of the table isn't very well-sanded (feels rough), and I can tell that they put a thinner coat of varnish on it.  So, that's clearly where they cheaped out.  Still, for a table that's made of real wood for this price point, I'm not going to complain.<br /><br />Overall I'd have to say this table is a fantastic value for what you're getting.  It's solid wood, has a reasonably decent finish, is sturdy, and is attractive, all for the price of $120 (as of the time of writing this review).  You really can't beat that, and if you are desperately searching for a tiny dining table for a small space that still looks nice, then this really is a great choice.<br /><br />Update:  Well, a few days have past, and I've noticed that it now has a couple scratches in the top finish (despite treating my new table carefully).  They are relatively small, but this is still disappointing.  It means that the top coat of varnish/polyurethane/whatever is rather thin and not very protective.  As such, I'm downgrading my original rating to four stars.  It's still a decent table for the price, but I'm not sure how it will hold up over a couple years (if it gets super scratched up but is still a functional table, I may choose to refinish it).  I'll certainly update if things get worse.  For now, though, I'm still reasonably pleased with it.icture, and I'd describe it as a walnut color (just like the listing does).  The finish is also pretty good, at least on the top and legs.  The underside of the table isn't very well-sanded (feels rough), and I can tell that they put a thinner coat of varnish on it.  So, that's clearly where they cheaped out.  Still, for a table that's made of real wood for this price point, I'm not going to complain.  Overall I'd have to say this table is a fantastic value for what you're getting.  It's solid wood, has a reasonably decent finish, is sturdy, and is attractive, all for the price of $120 (as of the time of writing this review).  You really can't beat that, and if you are desperately searching for a tiny dining table for a small space that still looks nice, then this really is a great choice.  Update:  Well, a few days have past, and I've noticed that it now has a couple scratches in the top finish (despite treating my new table carefully).  They are relatively small, but this is still disappointing.  It means that the top coat of varnish/polyurethane/whatever is rather thin and not very protective.  As such, I'm downgrading my original rating to four stars.  It's still a decent table for the price, but I'm not sure how it will hold up over a couple years (if it gets super scratched up but is still a functional table, I may choose to refinish it).  I'll certainly update if things get worse.  For now, though, I'm still reasonably pleased with it.	2015-08-31
US	50476494	RR99CPG695T0I	B013L4ZWWW	124365349	Arctic Dreams 10" Cooling Gel Mattress Made in the USA	Furniture	5	215	248	N	N	QUALITY* SLEEP!!!!!	I decided to get the arctic dreams 10 inch cooling gel foam mattress by DreamFoam Bedding. Here's what I think about it.<br /><br />* Queen mattress<br />* 10 inch<br />* made in the USA<br />* cooling gel foam<br />* 3 inches of gel foam<br /><br />When this box was delivered I was highly skeptical. It honestly didn't look at the size of a large twin. We unleashed it from its packaging. With in two minutes it had expanded to be a 10 inch mattress. It was truly amazing. I'm still scratching my head over that one.<br /><br />Some people are going to doubt buying a mattress over the Internet. I had the same thoughts myself. This mattress is made in the USA that's some reassurance in itself.  It is absolutely everything it advertises to be with no doubts.  It consists of high quality materials. If I was to need a mattress in the future I will definitely purchase from this company again.<br /><br />I have been sleeping on it now for 10 days. I wanted to wait a bit to ensure I had enough experience to write this review. In my entire life this is the best mattress I have ever purchased. My job entails standing on concrete floor. I tend to have lower back problems. Quickly within two days I realized I was not having those pains. I was no longer contorting my legs to sleep comfortably in my old traditional mattress. It's as simple as this my pain was gone. This mattress cradles you. My old mattress was simply flat and firm. There is a vast difference from the two. I am now enjoying a relaxing quality sleep.<br /><br />I understand that gel foam mattresses can get quite hot. I have in no way experienced that with this mattress. You can see I purchased it in August. That is the hottest weather month we experience in Kentucky. I have slept cool and comfortably every night.<br /><br /> Don't wait until you're 43 to find out what a good nights sleep can do for you. You deserve to be comfortable and have quality sleep. I highly recommend this for everyone. It is absolutely worth every penny. This company is able to provide a higher quality mattress for a reasonable price because of using Amazon.<br /><br />***** It is January 19, 2016 currently. I am still in love with this mattress. I have the same quality of comfort today as when it arrived. I was a bit skeptical about the gel foam flattening. It is a lofty as ever. This mattress still amazes me.<br /><br />I purchased this mattress at a discount in exchange for my honest unbiased review. All of the opinions expressed here are solely my own.sonable price because of using Amazon.  ***** It is January 19, 2016 currently. I am still in love with this mattress. I have the same quality of comfort today as when it arrived. I was a bit skeptical about the gel foam flattening. It is a lofty as ever. This mattress still amazes me.   I purchased this mattress at a discount in exchange for my honest unbiased review. All of the opinions expressed here are solely my own.	2015-08-31
US	23208852	R254N47ATLU9NZ	B004SLDJ0A	341009788	Sebec Upholstered Platform Bed	Furniture	5	0	0	N	Y	Five Stars	Very easy assembly and a great looking bed	2015-08-31
US	4327275	RL03F9E7A8BWQ	B003QAIH9W	412038212	Signature Design by Ashley	Furniture	1	2	2	N	Y	Bad investment	Not a good investment. The old saying you get what you pay for is true in this case. Two of the slate inserts were loose and the others two were not centered and had the cement on the top and around some of the sides. No effort to size the slate to fit the opening. The finish appears to only have a single coat and has a lot of nicks and pits. The table is also not level when assembled. The top will not hold much weight because of the way it is constructed. If you push hard on the top it will fall through. If I had kept the shipping box I would have sent it back.	2015-08-31
US	35786984	R3MWWZOXZATO91	B00AAMCAKQ	375151306	Zinus Sleep Master Traveler Deluxe Folding Memory Foam Guest Bed, Plus Bonus Storage Bag	Furniture	5	0	0	N	Y	Five Stars	So comfortable	2015-08-31
US	27361728	RBJFVT99F9SWQ	B004GBB7GA	863606023	Country Series Counter Stool Faux Leather	Furniture	5	0	0	N	Y	Five Stars	very nice, solid construction. good quality. easy assembly!	2015-08-31
US	47985292	R2OTKXYO28RXB6	B00G6IFBY0	921960290	Homelegance 9636-2 Laurelton Textured Plush Microfiber Dual Glider Recliner Love Seat with Console, Chocolate Brown	Furniture	5	4	4	N	Y	Best Purchase...	Heavy as Heck!!!  We have moved it several times, use it daily.  Memory Foam is hot in the summer, but when winter comes it is a girls best friend.  Love the compartment for remotes. (Now they don't get lost) and the drink holders have plastic inserts for easy cleaning.  Love this best purchase ever.  Next year... I will buy another one for my teen age boys.  :0)	2015-08-31
US	24258932	R3TLZTQ5Y3ID0	B00R2OR66I	829920266	Sleigh Bed	Furniture	3	5	6	N	Y	Love the look of the bed but one of the ...	Love the look of the bed but one of the main reasons it was purchased was for the drawers shown in the picture. The drawers are sold separately but it's not clear when you order and nothing prompts you to add drawers to your order so pretty disappointed in that. We would have bought the drawers separately had we known we needed to because I think it's good quality	2015-08-31
US	20172227	R3ONQQEBXQSOIF	B0076G6YT2	801631626	Oriental Traditional Isfahan Persian Area Rugs New City Collection	Furniture	2	0	0	N	Y	Three Stars	It is quite nice rug, however it is pretty thin and not stay in shape	2015-08-31
US	23208852	R27U7JA8MCYUZQ	B001KW0BRY	80042171	Elite 54" Wall Cabinet	Furniture	5	0	0	N	Y	Five Stars	Much better than shelving.	2015-08-31
US	44898954	R3R9VIHI0NYZ5G	B00RHPKN94	422602091	Coaster Home Furnishings 300395Q Queen Bed, Black Brush Gold	Furniture	4	2	2	N	Y	Beautiful but difficult	First the headboard and footboard are very pretty and well made. They are both a heavy metal with good welding. I gave it 4 stars for the look, but would give it 3 for the process of assembly. We already had a generic bed frame and thought it would work if we also purchased some foot board extensions. Our frame is just a hair too low for the bolt holes and the footboard holes did not match up. We had to purchase some modes to make it sort of work. It is all put together but they both lean inward because of the size difference in the frame.<br /><br />To make a suggestion. Try ordering the generic frame from the same company and maybe that will work better. Maybe.	2015-08-31
US	34653184	R1HZL9QSMNO0AU	B00CYDMTVO	158864307	Safavieh Courtyard Collection CY6918-268 Navy and Beige Indoor/ Outdoor Area Rug	Furniture	5	0	0	N	N	Five Stars	Beautiful rug - just what I was looking for!	2015-08-31
US	37096953	R2SSLIP5QR0LGY	B000MIRHG0	558447040	Carolina Cottage Large Devonshire Bench	Furniture	5	0	0	N	Y	Carolina Cottage	Thanks for completing my set.	2015-08-31
US	12293992	R25RLHSA39IMJG	B001RM6GOO	137124194	Cape Craftsment TV Trays with Stand, Set of 4	Furniture	2	1	1	N	Y	Think twice..	The TV trays, overall, are nice but I'm not sure if they're $175 nice.  As mentioned in other reviews, the stand is very dysfunctional, does not assemble well, and does not hold the trays well.  I emailed the company to give them feedback and never received a reply.  Hmmm...	2015-08-31
US	43513078	R3S5B6DWM502RQ	B0041OOIUE	186858573	Black Metal Coat Rack	Furniture	3	0	0	N	Y	Three Stars	flimsily.	2015-08-31
US	51122692	R3TAZHDU4VCCQW	B007R3MGS2	181811914	SmartMotion Executive SwingChair (black)	Furniture	5	0	0	N	N	The only chair I can use for long periods at a desk due to spinal problems	I've used this chair for 8 years now. Mine is starting to wear out (nothing that is irreplaceable, the material on the arm rests wore down, and I'd like a taller gas lift, etc).<br /><br />I've been looking around for parts for the chair for awhile and am not having much luck. It appears the older model (the one pictured) was discontinued awhile back. Luckily the 2 things that need work are not too hard to do without the official parts. I will just re-upholster the arms and I believe I can find a compatible generic gas lift.<br /><br />So why bother to review? Because this chair is solid (I weigh 250-275, varied throughout the years) and will last you a long time. And NO ONE else seems to offer this swinging seat base. Understandable as it requires a lot of metal to make it that strong and design companies don't want to deal with a lot of heavy shipping (and it isn't the prettiest thing in the world). However this seat literally makes the difference for me to be able to sit at my computer or not after many spinal surgeries and some really ugly spinal complications.<br /><br />For my specifics, I've got 4 fused levels in my lumbar spine, 2 in my cervical spine, as well as a condition called Adhesive Arachnoiditis (complication from a surgery).<br /><br />If you have a bad back, you'll be amazed what allowing your legs to adjust regularly does for your ability to stay comfortable. Do you ever ride in a car with power seats and find yourself adjusting the tilt of the seat throughout the drive due to back aches? That is what you get to do here, but easily and as many times as you'd like.<br /><br />And the chair back is shaped well and has LOTS of height and depth (distance from the chair center) adjustability.<br /><br />They still make the newer version (which I found less comfortable), but even that is becoming harder to find. If you are on the fence, get it. Don't wait too long.	2015-08-31
US	1580261	R1LIL9CHA0XFBM	B007LVVSBQ	755582751	Simmons Upholstery Rocker Recliner	Furniture	4	1	1	N	Y	Four Stars	Ok	2015-08-31
US	21846903	R1XQNKKUPCMWVO	B00IPN64CC	867520220	Upholstered Platform bed	Furniture	5	43	44	N	Y	Black Tufted Design Leather Look King Size Bed Frame and Headboard	I have to admit that I was skeptical about this bed but wow was I surprised.  It is well made, huge and definitely makes a statement.  It arrived in two very large boxes but it was well packed and the contents had no damage.  It took 10 minutes to unpack and inventory the parts, very few parts considering the size of the bed.  The assembly took under an hour from beginning to end.  I would definitely recommend an electric screw driver, the supplied allen wrench will do the job but it will take a lot longer.<br />Well worth the money and time to assemble!	2015-08-31
US	25708320	R3U9QK92XYNAV8	B007PUWHBS	368874910	Alfred Royal Vintage Design Upholstered Arm Chair	Furniture	3	8	8	N	Y	Pretty but color is a little off from picture	Very pretty chair. Love everything about it except 2 things...it's a little short and the color isn't exactly grey grey. It looks a little between a grey and a dark blue jean color. Sometimes it looks more Jean blue. Other than that it's nice and cute. If it wasn't for the color I'd give it more stars.	2015-08-31
US	45528578	R1ATD3I1LVHIF9	B009WZLOAO	285404283	Milliard Lightweight 74 by 31-Inch Folding Cot/Bed with Mattress (Mattress Color May Vary)	Furniture	4	0	0	N	Y	The bed is perfect as a guest bed	The bed is perfect as a guest bed. The only downside is that it is too low to the ground. Other than that it was just as I expected it to be. Would sure recommend it to others.	2015-08-31
US	43697215	R37AN3H5W116MY	B0076QH6TE	761483755	Boyer 5-Pc Dining Table Set by Coaster	Furniture	5	0	0	N	Y	Five Stars	Very nice, and well built	2015-08-31
